exchange,market_id,event_id,event_title,team,opponent,yes_price,volume,game_date,close_time,url
kalshi,KXNCAAFGAME-26SEP10FAMUMIA-MIA,KXNCAAFGAME-26SEP10FAMUMIA,Florida A&M vs Miami (FL),miami fl,florida am,1.0,55717.99,2026-09-10,2026-09-13T00:00:00+00:00,https://kalshi.com/markets/kxncaafgame/kxncaafgame-26sep10famumia
kalshi,KXNCAAFGAME-26SEP10FAMUMIA-FAMU,KXNCAAFGAME-26SEP10FAMUMIA,Florida A&M vs Miami (FL),florida am,miami fl,0.01,3184270.26,2026-09-10,2026-09-13T00:00:00+00:00,https://kalshi.com/markets/kxncaafgame/kxncaafgame-26sep10famumia
kalshi,KXNCAAFGAME-26SEP11NORFUVA-UVA,KXNCAAFGAME-26SEP11NORFUVA,Norfolk St. vs Virginia,virginia,norfolk state,1.0,20242.45,2026-09-11,2026-09-13T23:00:00+00:00,https://kalshi.com/markets/kxncaafgame/kxncaafgame-26sep11norfuva
kalshi,KXNCAAFGAME-26SEP11NORFUVA-NORF,KXNCAAFGAME-26SEP11NORFUVA,Norfolk St. vs Virginia,norfolk state,virginia,0.01,735518.04,2026-09-11,2026-09-13T23:00:00+00:00,https://kalshi.com/markets/kxncaafgame/kxncaafgame-26sep11norfuva
kalshi,KXNCAAFGAME-26SEP11RICHNCST-NCST,KXNCAAFGAME-26SEP11RICHNCST,Richmond vs North Carolina St.,north carolina state,richmond,0.98,78788.25,2026-09-11,2026-09-13T23:00:00+00:00,https://kalshi.com/markets/kxncaafgame/kxncaafgame-26sep11richncst
kalshi,KXNCAAFGAME-26SEP11RICHNCST-RICH,KXNCAAFGAME-26SEP11RICHNCST,Richmond vs North Carolina St.,richmond,north carolina state,0.03,272172.0,2026-09-11,2026-09-13T23:00:00+00:00,https://kalshi.com/markets/kxncaafgame/kxncaafgame-26sep11richncst
kalshi,KXNCAAFGAME-26SEP11VILLLOU-LOU,KXNCAAFGAME-26SEP11VILLLOU,Villanova vs Louisville,louisville,villanova,0.99,64564.73,2026-09-11,2026-09-13T23:00:00+00:00,https://kalshi.com/markets/kxncaafgame/kxncaafgame-26sep11villlou
kalshi,KXNCAAFGAME-26SEP11VILLLOU-VILL,KXNCAAFGAME-26SEP11VILLLOU,Villanova vs Louisville,villanova,louisville,0.02,412341.24,2026-09-11,2026-09-13T23:00:00+00:00,https://kalshi.com/markets/kxncaafgame/kxncaafgame-26sep11villlou
kalshi,KXNCAAFGAME-26SEP11RUTGBC-BC,KXNCAAFGAME-26SEP11RUTGBC,Rutgers vs Boston College,boston college,rutgers,0.61,22441.06,2026-09-11,2026-09-13T23:30:00+00:00,https://kalshi.com/markets/kxncaafgame/kxncaafgame-26sep11rutgbc
kalshi,KXNCAAFGAME-26SEP11RUTGBC-RUTG,KXNCAAFGAME-26SEP11RUTGBC,Rutgers vs Boston College,rutgers,boston college,0.41,23338.58,2026-09-11,2026-09-13T23:30:00+00:00,https://kalshi.com/markets/kxncaafgame/kxncaafgame-26sep11rutgbc
kalshi,KXNCAAFGAME-26SEP11MIZZKU-KU,KXNCAAFGAME-26SEP11MIZZKU,Missouri vs Kansas,kansas,missouri,0.33,20825.08,2026-09-11,2026-09-14T00:00:00+00:00,https://kalshi.com/markets/kxncaafgame/kxncaafgame-26sep11mizzku
kalshi,KXNCAAFGAME-26SEP11MIZZKU-MIZZ,KXNCAAFGAME-26SEP11MIZZKU,Missouri vs Kansas,missouri,kansas,0.67,36229.0,2026-09-11,2026-09-14T00:00:00+00:00,https://kalshi.com/markets/kxncaafgame/kxncaafgame-26sep11mizzku
kalshi,KXNCAAFGAME-26SEP12ALBYLIU-LIU,KXNCAAFGAME-26SEP12ALBYLIU,University at Albany vs LIU,liu,albany,0.37,758.62,2026-09-12,2026-09-14T16:00:00+00:00,https://kalshi.com/markets/kxncaafgame/kxncaafgame-26sep12albyliu
kalshi,KXNCAAFGAME-26SEP12ALBYLIU-ALBY,KXNCAAFGAME-26SEP12ALBYLIU,University at Albany vs LIU,albany,liu,0.66,1960.06,2026-09-12,2026-09-14T16:00:00+00:00,https://kalshi.com/markets/kxncaafgame/kxncaafgame-26sep12albyliu
kalshi,KXNCAAFGAME-26SEP12APPECU-ECU,KXNCAAFGAME-26SEP12APPECU,Appalachian St. vs East Carolina,east carolina,appalachian state,0.71,2275.33,2026-09-12,2026-09-14T16:00:00+00:00,https://kalshi.com/markets/kxncaafgame/kxncaafgame-26sep12appecu
kalshi,KXNCAAFGAME-26SEP12APPECU-APP,KXNCAAFGAME-26SEP12APPECU,Appalachian St. vs East Carolina,appalachian state,east carolina,0.3,16854.06,2026-09-12,2026-09-14T16:00:00+00:00,https://kalshi.com/markets/kxncaafgame/kxncaafgame-26sep12appecu
kalshi,KXNCAAFGAME-26SEP12ASUTXAM-TXAM,KXNCAAFGAME-26SEP12ASUTXAM,Arizona St. vs Texas A&M,texas am,arizona state,0.86,18893.73,2026-09-12,2026-09-14T16:00:00+00:00,https://kalshi.com/markets/kxncaafgame/kxncaafgame-26sep12asutxam
kalshi,KXNCAAFGAME-26SEP12ASUTXAM-ASU,KXNCAAFGAME-26SEP12ASUTXAM,Arizona St. vs Texas A&M,arizona state,texas am,0.16,46521.07,2026-09-12,2026-09-14T16:00:00+00:00,https://kalshi.com/markets/kxncaafgame/kxncaafgame-26sep12asutxam
kalshi,KXNCAAFGAME-26SEP12ELONURI-URI,KXNCAAFGAME-26SEP12ELONURI,Elon vs Rhode Island,rhode island,elon,0.73,12586.99,2026-09-12,2026-09-14T16:00:00+00:00,https://kalshi.com/markets/kxncaafgame/kxncaafgame-26sep12elonuri
kalshi,KXNCAAFGAME-26SEP12ELONURI-ELON,KXNCAAFGAME-26SEP12ELONURI,Elon vs Rhode Island,elon,rhode island,0.28,4225.88,2026-09-12,2026-09-14T16:00:00+00:00,https://kalshi.com/markets/kxncaafgame/kxncaafgame-26sep12elonuri
kalshi,KXNCAAFGAME-26SEP12ETSUUNC-UNC,KXNCAAFGAME-26SEP12ETSUUNC,East Tennessee St. vs North Carolina,north carolina,east tennessee state,0.99,25989.93,2026-09-12,2026-09-14T16:00:00+00:00,https://kalshi.com/markets/kxncaafgame/kxncaafgame-26sep12etsuunc
kalshi,KXNCAAFGAME-26SEP12ETSUUNC-ETSU,KXNCAAFGAME-26SEP12ETSUUNC,East Tennessee St. vs North Carolina,east tennessee state,north carolina,0.02,98106.37,2026-09-12,2026-09-14T16:00:00+00:00,https://kalshi.com/markets/kxncaafgame/kxncaafgame-26sep12etsuunc
kalshi,KXNCAAFGAME-26SEP12HOWIND-IND,KXNCAAFGAME-26SEP12HOWIND,Howard vs Indiana,indiana,howard,1.0,16049.68,2026-09-12,2026-09-14T16:00:00+00:00,https://kalshi.com/markets/kxncaafgame/kxncaafgame-26sep12howind
kalshi,KXNCAAFGAME-26SEP12HOWIND-HOW,KXNCAAFGAME-26SEP12HOWIND,Howard vs Indiana,howard,indiana,0.01,239673.01,2026-09-12,2026-09-14T16:00:00+00:00,https://kalshi.com/markets/kxncaafgame/kxncaafgame-26sep12howind
kalshi,KXNCAAFGAME-26SEP12ODUVT-VT,KXNCAAFGAME-26SEP12ODUVT,Old Dominion vs Virginia Tech,virginia tech,old dominion,0.91,6603.72,2026-09-12,2026-09-14T16:00:00+00:00,https://kalshi.com/markets/kxncaafgame/kxncaafgame-26sep12oduvt
kalshi,KXNCAAFGAME-26SEP12ODUVT-ODU,KXNCAAFGAME-26SEP12ODUVT,Old Dominion vs Virginia Tech,old dominion,virginia tech,0.11,5334.36,2026-09-12,2026-09-14T16:00:00+00:00,https://kalshi.com/markets/kxncaafgame/kxncaafgame-26sep12oduvt
kalshi,KXNCAAFGAME-26SEP12OKLAMICH-MICH,KXNCAAFGAME-26SEP12OKLAMICH,Oklahoma vs Michigan,michigan,oklahoma,0.34,142621.91,2026-09-12,2026-09-14T16:00:00+00:00,https://kalshi.com/markets/kxncaafgame/kxncaafgame-26sep12oklamich
kalshi,KXNCAAFGAME-26SEP12OKLAMICH-OKLA,KXNCAAFGAME-26SEP12OKLAMICH,Oklahoma vs Michigan,oklahoma,michigan,0.67,429690.82,2026-09-12,2026-09-14T16:00:00+00:00,https://kalshi.com/markets/kxncaafgame/kxncaafgame-26sep12oklamich
kalshi,KXNCAAFGAME-26SEP12OREOKST-OKST,KXNCAAFGAME-26SEP12OREOKST,Oregon vs Oklahoma St.,oklahoma state,oregon,0.07,62571.53,2026-09-12,2026-09-14T16:00:00+00:00,https://kalshi.com/markets/kxncaafgame/kxncaafgame-26sep12oreokst
kalshi,KXNCAAFGAME-26SEP12OREOKST-ORE,KXNCAAFGAME-26SEP12OREOKST,Oregon vs Oklahoma St.,oregon,oklahoma state,0.94,57275.22,2026-09-12,2026-09-14T16:00:00+00:00,https://kalshi.com/markets/kxncaafgame/kxncaafgame-26sep12oreokst
kalshi,KXNCAAFGAME-26SEP12PSUTEM-TEM,KXNCAAFGAME-26SEP12PSUTEM,Penn St. vs Temple,temple,penn state,0.05,15048.84,2026-09-12,2026-09-14T16:00:00+00:00,https://kalshi.com/markets/kxncaafgame/kxncaafgame-26sep12psutem
kalshi,KXNCAAFGAME-26SEP12PSUTEM-PSU,KXNCAAFGAME-26SEP12PSUTEM,Penn St. vs Temple,penn state,temple,0.95,35950.49,2026-09-12,2026-09-14T16:00:00+00:00,https://kalshi.com/markets/kxncaafgame/kxncaafgame-26sep12psutem
kalshi,KXNCAAFGAME-26SEP12USFARMY-ARMY,KXNCAAFGAME-26SEP12USFARMY,South Florida vs Army,army,usf,0.62,6725.52,2026-09-12,2026-09-14T16:00:00+00:00,https://kalshi.com/markets/kxncaafgame/kxncaafgame-26sep12usfarmy
kalshi,KXNCAAFGAME-26SEP12USFARMY-USF,KXNCAAFGAME-26SEP12USFARMY,South Florida vs Army,usf,army,0.4,7344.64,2026-09-12,2026-09-14T16:00:00+00:00,https://kalshi.com/markets/kxncaafgame/kxncaafgame-26sep12usfarmy
kalshi,KXNCAAFGAME-26SEP12WAKEPUR-PUR,KXNCAAFGAME-26SEP12WAKEPUR,Wake Forest vs Purdue,purdue,wake forest,0.42,11866.37,2026-09-12,2026-09-14T16:00:00+00:00,https://kalshi.com/markets/kxncaafgame/kxncaafgame-26sep12wakepur
kalshi,KXNCAAFGAME-26SEP12WAKEPUR-WAKE,KXNCAAFGAME-26SEP12WAKEPUR,Wake Forest vs Purdue,wake forest,purdue,0.59,13163.21,2026-09-12,2026-09-14T16:00:00+00:00,https://kalshi.com/markets/kxncaafgame/kxncaafgame-26sep12wakepur
kalshi,KXNCAAFGAME-26SEP12WOFKENT-KENT,KXNCAAFGAME-26SEP12WOFKENT,Wofford vs Kent St.,kent state,wofford,0.83,756.5,2026-09-12,2026-09-14T16:00:00+00:00,https://kalshi.com/markets/kxncaafgame/kxncaafgame-26sep12wofkent
kalshi,KXNCAAFGAME-26SEP12WOFKENT-WOF,KXNCAAFGAME-26SEP12WOFKENT,Wofford vs Kent St.,wofford,kent state,0.19,10974.13,2026-09-12,2026-09-14T16:00:00+00:00,https://kalshi.com/markets/kxncaafgame/kxncaafgame-26sep12wofkent
kalshi,KXNCAAFGAME-26SEP12WSUKSU-KSU,KXNCAAFGAME-26SEP12WSUKSU,Washington St. vs Kansas St.,kansas state,washington state,0.89,5894.12,2026-09-12,2026-09-14T16:00:00+00:00,https://kalshi.com/markets/kxncaafgame/kxncaafgame-26sep12wsuksu
kalshi,KXNCAAFGAME-26SEP12WSUKSU-WSU,KXNCAAFGAME-26SEP12WSUKSU,Washington St. vs Kansas St.,washington state,kansas state,0.12,19920.78,2026-09-12,2026-09-14T16:00:00+00:00,https://kalshi.com/markets/kxncaafgame/kxncaafgame-26sep12wsuksu
kalshi,KXNCAAFGAME-26SEP12MRSTLAF-LAF,KXNCAAFGAME-26SEP12MRSTLAF,Marist vs Lafayette,lafayette,marist,0.8,825.11,2026-09-12,2026-09-14T16:30:00+00:00,https://kalshi.com/markets/kxncaafgame/kxncaafgame-26sep12mrstlaf
kalshi,KXNCAAFGAME-26SEP12MRSTLAF-MRST,KXNCAAFGAME-26SEP12MRSTLAF,Marist vs Lafayette,marist,lafayette,0.22,298.75,2026-09-12,2026-09-14T16:30:00+00:00,https://kalshi.com/markets/kxncaafgame/kxncaafgame-26sep12mrstlaf
kalshi,KXNCAAFGAME-26SEP12WKUUGA-UGA,KXNCAAFGAME-26SEP12WKUUGA,Western Kentucky vs Georgia,georgia,western kentucky,1.0,29216.39,2026-09-12,2026-09-14T16:45:00+00:00,https://kalshi.com/markets/kxncaafgame/kxncaafgame-26sep12wkuuga
kalshi,KXNCAAFGAME-26SEP12WKUUGA-WKU,KXNCAAFGAME-26SEP12WKUUGA,Western Kentucky vs Georgia,western kentucky,georgia,0.01,94886.62,2026-09-12,2026-09-14T16:45:00+00:00,https://kalshi.com/markets/kxncaafgame/kxncaafgame-26sep12wkuuga
kalshi,KXNCAAFGAME-26SEP12COLGCMU-CMU,KXNCAAFGAME-26SEP12COLGCMU,Colgate vs Central Michigan,central michigan,colgate,0.94,6749.58,2026-09-12,2026-09-14T17:00:00+00:00,https://kalshi.com/markets/kxncaafgame/kxncaafgame-26sep12colgcmu
kalshi,KXNCAAFGAME-26SEP12COLGCMU-COLG,KXNCAAFGAME-26SEP12COLGCMU,Colgate vs Central Michigan,colgate,central michigan,0.07,35774.53,2026-09-12,2026-09-14T17:00:00+00:00,https://kalshi.com/markets/kxncaafgame/kxncaafgame-26sep12colgcmu
kalshi,KXNCAAFGAME-26SEP12CPSJSU-SJSU,KXNCAAFGAME-26SEP12CPSJSU,Cal Poly vs San Jose St.,san jose state,cal poly,0.92,3379.12,2026-09-12,2026-09-14T17:00:00+00:00,https://kalshi.com/markets/kxncaafgame/kxncaafgame-26sep12cpsjsu
kalshi,KXNCAAFGAME-26SEP12CPSJSU-CP,KXNCAAFGAME-26SEP12CPSJSU,Cal Poly vs San Jose St.,cal poly,san jose state,0.09,9202.7,2026-09-12,2026-09-14T17:00:00+00:00,https://kalshi.com/markets/kxncaafgame/kxncaafgame-26sep12cpsjsu
kalshi,KXNCAAFGAME-26SEP12HCMOH-MOH,KXNCAAFGAME-26SEP12HCMOH,Holy Cross vs Miami (OH),miami oh,holy cross,0.98,5260.41,2026-09-12,2026-09-14T17:00:00+00:00,https://kalshi.com/markets/kxncaafgame/kxncaafgame-26sep12hcmoh
kalshi,KXNCAAFGAME-26SEP12HCMOH-HC,KXNCAAFGAME-26SEP12HCMOH,Holy Cross vs Miami (OH),holy cross,miami oh,0.04,5738.22,2026-09-12,2026-09-14T17:00:00+00:00,https://kalshi.com/markets/kxncaafgame/kxncaafgame-26sep12hcmoh
kalshi,KXNCAAFGAME-26SEP12UTMWVU-WVU,KXNCAAFGAME-26SEP12UTMWVU,Tennessee-Martin vs West Virginia,west virginia,tennessee martin,1.0,35390.49,2026-09-12,2026-09-14T17:00:00+00:00,https://kalshi.com/markets/kxncaafgame/kxncaafgame-26sep12utmwvu
kalshi,KXNCAAFGAME-26SEP12UTMWVU-UTM,KXNCAAFGAME-26SEP12UTMWVU,Tennessee-Martin vs West Virginia,tennessee martin,west virginia,0.01,40690.41,2026-09-12,2026-09-14T17:00:00+00:00,https://kalshi.com/markets/kxncaafgame/kxncaafgame-26sep12utmwvu
kalshi,KXNCAAFGAME-26SEP12BUCKVMI-VMI,KXNCAAFGAME-26SEP12BUCKVMI,Bucknell vs VMI,vmi,bucknell,0.26,1095.13,2026-09-12,2026-09-14T17:30:00+00:00,https://kalshi.com/markets/kxncaafgame/kxncaafgame-26sep12buckvmi
kalshi,KXNCAAFGAME-26SEP12BUCKVMI-BUCK,KXNCAAFGAME-26SEP12BUCKVMI,Bucknell vs VMI,bucknell,vmi,0.74,1479.8,2026-09-12,2026-09-14T17:30:00+00:00,https://kalshi.com/markets/kxncaafgame/kxncaafgame-26sep12buckvmi
kalshi,KXNCAAFGAME-26SEP12DRKEUNI-UNI,KXNCAAFGAME-26SEP12DRKEUNI,Drake vs Northern Iowa,northern iowa,drake,0.82,889.03,2026-09-12,2026-09-14T18:00:00+00:00,https://kalshi.com/markets/kxncaafgame/kxncaafgame-26sep12drkeuni
kalshi,KXNCAAFGAME-26SEP12DRKEUNI-DRKE,KXNCAAFGAME-26SEP12DRKEUNI,Drake vs Northern Iowa,drake,northern iowa,0.19,1035.76,2026-09-12,2026-09-14T18:00:00+00:00,https://kalshi.com/markets/kxncaafgame/kxncaafgame-26sep12drkeuni
kalshi,KXNCAAFGAME-26SEP12DUQYSU-YSU,KXNCAAFGAME-26SEP12DUQYSU,Duquesne vs Youngstown St.,youngstown state,duquesne,0.92,1416.58,2026-09-12,2026-09-14T18:00:00+00:00,https://kalshi.com/markets/kxncaafgame/kxncaafgame-26sep12duqysu
kalshi,KXNCAAFGAME-26SEP12DUQYSU-DUQ,KXNCAAFGAME-26SEP12DUQYSU,Duquesne vs Youngstown St.,duquesne,youngstown state,0.1,824.07,2026-09-12,2026-09-14T18:00:00+00:00,https://kalshi.com/markets/kxncaafgame/kxncaafgame-26sep12duqysu
kalshi,KXNCAAFGAME-26SEP12EWUSDAK-SDAK,KXNCAAFGAME-26SEP12EWUSDAK,Eastern Washington vs South Dakota,south dakota,eastern washington,0.85,1825.54,2026-09-12,2026-09-14T18:00:00+00:00,https://kalshi.com/markets/kxncaafgame/kxncaafgame-26sep12ewusdak
kalshi,KXNCAAFGAME-26SEP12EWUSDAK-EWU,KXNCAAFGAME-26SEP12EWUSDAK,Eastern Washington vs South Dakota,eastern washington,south dakota,0.15,255.09,2026-09-12,2026-09-14T18:00:00+00:00,https://kalshi.com/markets/kxncaafgame/kxncaafgame-26sep12ewusdak
kalshi,KXNCAAFGAME-26SEP12STONBALL-BALL,KXNCAAFGAME-26SEP12STONBALL,Stony Brook vs Ball St.,ball state,stony brook,0.87,2040.08,2026-09-12,2026-09-14T18:00:00+00:00,https://kalshi.com/markets/kxncaafgame/kxncaafgame-26sep12stonball
kalshi,KXNCAAFGAME-26SEP12STONBALL-STON,KXNCAAFGAME-26SEP12STONBALL,Stony Brook vs Ball St.,stony brook,ball state,0.14,3082.56,2026-09-12,2026-09-14T18:00:00+00:00,https://kalshi.com/markets/kxncaafgame/kxncaafgame-26sep12stonball
kalshi,KXNCAAFGAME-26SEP12WMLEH-LEH,KXNCAAFGAME-26SEP12WMLEH,William & Mary vs Lehigh,lehigh,william and mary,0.8,1057.77,2026-09-12,2026-09-14T18:00:00+00:00,https://kalshi.com/markets/kxncaafgame/kxncaafgame-26sep12wmleh
kalshi,KXNCAAFGAME-26SEP12WMLEH-WM,KXNCAAFGAME-26SEP12WMLEH,William & Mary vs Lehigh,william and mary,lehigh,0.22,593.2,2026-09-12,2026-09-14T18:00:00+00:00,https://kalshi.com/markets/kxncaafgame/kxncaafgame-26sep12wmleh
kalshi,KXNCAAFGAME-26SEP12UTUMONT-MONT,KXNCAAFGAME-26SEP12UTUMONT,Utah Tech vs Montana,montana,utah tech,0.98,13869.99,2026-09-12,2026-09-14T19:00:00+00:00,https://kalshi.com/markets/kxncaafgame/kxncaafgame-26sep12utumont
kalshi,KXNCAAFGAME-26SEP12UTUMONT-UTU,KXNCAAFGAME-26SEP12UTUMONT,Utah Tech vs Montana,utah tech,montana,0.02,46444.7,2026-09-12,2026-09-14T19:00:00+00:00,https://kalshi.com/markets/kxncaafgame/kxncaafgame-26sep12utumont
kalshi,KXNCAAFGAME-26SEP12ALAUK-UK,KXNCAAFGAME-26SEP12ALAUK,Alabama vs Kentucky,kentucky,alabama,0.23,39831.81,2026-09-12,2026-09-14T19:30:00+00:00,https://kalshi.com/markets/kxncaafgame/kxncaafgame-26sep12alauk
kalshi,KXNCAAFGAME-26SEP12ALAUK-ALA,KXNCAAFGAME-26SEP12ALAUK,Alabama vs Kentucky,alabama,kentucky,0.79,71596.57,2026-09-12,2026-09-14T19:30:00+00:00,https://kalshi.com/markets/kxncaafgame/kxncaafgame-26sep12alauk
kalshi,KXNCAAFGAME-26SEP12ARIZBYU-BYU,KXNCAAFGAME-26SEP12ARIZBYU,Arizona vs BYU,byu,arizona,0.74,15143.0,2026-09-12,2026-09-14T19:30:00+00:00,https://kalshi.com/markets/kxncaafgame/kxncaafgame-26sep12arizbyu
kalshi,KXNCAAFGAME-26SEP12ARIZBYU-ARIZ,KXNCAAFGAME-26SEP12ARIZBYU,Arizona vs BYU,arizona,byu,0.27,7787.61,2026-09-12,2026-09-14T19:30:00+00:00,https://kalshi.com/markets/kxncaafgame/kxncaafgame-26sep12arizbyu
kalshi,KXNCAAFGAME-26SEP12CALSYR-SYR,KXNCAAFGAME-26SEP12CALSYR,California vs Syracuse,syracuse,california,0.62,28949.91,2026-09-12,2026-09-14T19:30:00+00:00,https://kalshi.com/markets/kxncaafgame/kxncaafgame-26sep12calsyr
kalshi,KXNCAAFGAME-26SEP12CALSYR-CAL,KXNCAAFGAME-26SEP12CALSYR,California vs Syracuse,california,syracuse,0.4,8975.17,2026-09-12,2026-09-14T19:30:00+00:00,https://kalshi.com/markets/kxncaafgame/kxncaafgame-26sep12calsyr
kalshi,KXNCAAFGAME-26SEP12CCSUTOL-TOL,KXNCAAFGAME-26SEP12CCSUTOL,Central Connecticut St. vs Toledo,toledo,central connecticut state,0.98,19413.05,2026-09-12,2026-09-14T19:30:00+00:00,https://kalshi.com/markets/kxncaafgame/kxncaafgame-26sep12ccsutol
kalshi,KXNCAAFGAME-26SEP12CCSUTOL-CCSU,KXNCAAFGAME-26SEP12CCSUTOL,Central Connecticut St. vs Toledo,central connecticut state,toledo,0.03,6538.72,2026-09-12,2026-09-14T19:30:00+00:00,https://kalshi.com/markets/kxncaafgame/kxncaafgame-26sep12ccsutol
kalshi,KXNCAAFGAME-26SEP12DUKEILL-ILL,KXNCAAFGAME-26SEP12DUKEILL,Duke vs Illinois,illinois,duke,0.68,2163.87,2026-09-12,2026-09-14T19:30:00+00:00,https://kalshi.com/markets/kxncaafgame/kxncaafgame-26sep12dukeill
kalshi,KXNCAAFGAME-26SEP12DUKEILL-DUKE,KXNCAAFGAME-26SEP12DUKEILL,Duke vs Illinois,duke,illinois,0.34,4127.31,2026-09-12,2026-09-14T19:30:00+00:00,https://kalshi.com/markets/kxncaafgame/kxncaafgame-26sep12dukeill
kalshi,KXNCAAFGAME-26SEP12EMUMSU-MSU,KXNCAAFGAME-26SEP12EMUMSU,Eastern Michigan vs Michigan St.,michigan state,eastern michigan,0.89,6581.52,2026-09-12,2026-09-14T19:30:00+00:00,https://kalshi.com/markets/kxncaafgame/kxncaafgame-26sep12emumsu
kalshi,KXNCAAFGAME-26SEP12EMUMSU-EMU,KXNCAAFGAME-26SEP12EMUMSU,Eastern Michigan vs Michigan St.,eastern michigan,michigan state,0.13,2285.59,2026-09-12,2026-09-14T19:30:00+00:00,https://kalshi.com/markets/kxncaafgame/kxncaafgame-26sep12emumsu
kalshi,KXNCAAFGAME-26SEP12MDCONN-CONN,KXNCAAFGAME-26SEP12MDCONN,Maryland vs UConn,uconn,maryland,0.19,5709.62,2026-09-12,2026-09-14T19:30:00+00:00,https://kalshi.com/markets/kxncaafgame/kxncaafgame-26sep12mdconn
kalshi,KXNCAAFGAME-26SEP12MDCONN-MD,KXNCAAFGAME-26SEP12MDCONN,Maryland vs UConn,maryland,uconn,0.82,5301.76,2026-09-12,2026-09-14T19:30:00+00:00,https://kalshi.com/markets/kxncaafgame/kxncaafgame-26sep12mdconn
kalshi,KXNCAAFGAME-26SEP12MSSTMINN-MINN,KXNCAAFGAME-26SEP12MSSTMINN,Mississippi St. vs Minnesota,minnesota,mississippi state,0.5,20390.74,2026-09-12,2026-09-14T19:30:00+00:00,https://kalshi.com/markets/kxncaafgame/kxncaafgame-26sep12msstminn
kalshi,KXNCAAFGAME-26SEP12MSSTMINN-MSST,KXNCAAFGAME-26SEP12MSSTMINN,Mississippi St. vs Minnesota,mississippi state,minnesota,0.51,56510.02,2026-09-12,2026-09-14T19:30:00+00:00,https://kalshi.com/markets/kxncaafgame/kxncaafgame-26sep12msstminn
kalshi,KXNCAAFGAME-26SEP12RICEND-ND,KXNCAAFGAME-26SEP12RICEND,Rice vs Notre Dame,notre dame,rice,1.0,26572.82,2026-09-12,2026-09-14T19:30:00+00:00,https://kalshi.com/markets/kxncaafgame/kxncaafgame-26sep12ricend
kalshi,KXNCAAFGAME-26SEP12RICEND-RICE,KXNCAAFGAME-26SEP12RICEND,Rice vs Notre Dame,rice,notre dame,0.01,144327.74,2026-09-12,2026-09-14T19:30:00+00:00,https://kalshi.com/markets/kxncaafgame/kxncaafgame-26sep12ricend
kalshi,KXNCAAFGAME-26SEP12RMUAKR-AKR,KXNCAAFGAME-26SEP12RMUAKR,Robert Morris vs Akron,akron,robert morris,0.97,7441.47,2026-09-12,2026-09-14T19:30:00+00:00,https://kalshi.com/markets/kxncaafgame/kxncaafgame-26sep12rmuakr
kalshi,KXNCAAFGAME-26SEP12RMUAKR-RMU,KXNCAAFGAME-26SEP12RMUAKR,Robert Morris vs Akron,robert morris,akron,0.04,15604.04,2026-09-12,2026-09-14T19:30:00+00:00,https://kalshi.com/markets/kxncaafgame/kxncaafgame-26sep12rmuakr
kalshi,KXNCAAFGAME-26SEP12SHUMASS-MASS,KXNCAAFGAME-26SEP12SHUMASS,Sacred Heart vs UMass,umass,sacred heart,0.94,4510.39,2026-09-12,2026-09-14T19:30:00+00:00,https://kalshi.com/markets/kxncaafgame/kxncaafgame-26sep12shumass
kalshi,KXNCAAFGAME-26SEP12SHUMASS-SHU,KXNCAAFGAME-26SEP12SHUMASS,Sacred Heart vs UMass,sacred heart,umass,0.06,14568.07,2026-09-12,2026-09-14T19:30:00+00:00,https://kalshi.com/markets/kxncaafgame/kxncaafgame-26sep12shumass
kalshi,KXNCAAFGAME-26SEP12UCFPITT-PITT,KXNCAAFGAME-26SEP12UCFPITT,UCF vs Pittsburgh,pittsburgh,ucf,0.72,3411.11,2026-09-12,2026-09-14T19:30:00+00:00,https://kalshi.com/markets/kxncaafgame/kxncaafgame-26sep12ucfpitt
kalshi,KXNCAAFGAME-26SEP12UCFPITT-UCF,KXNCAAFGAME-26SEP12UCFPITT,UCF vs Pittsburgh,ucf,pittsburgh,0.29,15007.71,2026-09-12,2026-09-14T19:30:00+00:00,https://kalshi.com/markets/kxncaafgame/kxncaafgame-26sep12ucfpitt
kalshi,KXNCAAFGAME-26SEP12ULMUAB-UAB,KXNCAAFGAME-26SEP12ULMUAB,Louisiana-Monroe vs UAB,uab,louisiana monroe,0.78,1823.31,2026-09-12,2026-09-14T19:30:00+00:00,https://kalshi.com/markets/kxncaafgame/kxncaafgame-26sep12ulmuab
kalshi,KXNCAAFGAME-26SEP12ULMUAB-ULM,KXNCAAFGAME-26SEP12ULMUAB,Louisiana-Monroe vs UAB,louisiana monroe,uab,0.24,618.73,2026-09-12,2026-09-14T19:30:00+00:00,https://kalshi.com/markets/kxncaafgame/kxncaafgame-26sep12ulmuab
kalshi,KXNCAAFGAME-26SEP12USUWASH-WASH,KXNCAAFGAME-26SEP12USUWASH,Utah St. vs Washington,washington,utah state,0.96,8192.7,2026-09-12,2026-09-14T19:30:00+00:00,https://kalshi.com/markets/kxncaafgame/kxncaafgame-26sep12usuwash
kalshi,KXNCAAFGAME-26SEP12USUWASH-USU,KXNCAAFGAME-26SEP12USUWASH,Utah St. vs Washington,utah state,washington,0.04,7434.34,2026-09-12,2026-09-14T19:30:00+00:00,https://kalshi.com/markets/kxncaafgame/kxncaafgame-26sep12usuwash
kalshi,KXNCAAFGAME-26SEP12UTSATXST-TXST,KXNCAAFGAME-26SEP12UTSATXST,UTSA vs Texas St.,texas state,utsa,0.55,20392.24,2026-09-12,2026-09-14T19:30:00+00:00,https://kalshi.com/markets/kxncaafgame/kxncaafgame-26sep12utsatxst
kalshi,KXNCAAFGAME-26SEP12UTSATXST-UTSA,KXNCAAFGAME-26SEP12UTSATXST,UTSA vs Texas St.,utsa,texas state,0.46,6640.64,2026-09-12,2026-09-14T19:30:00+00:00,https://kalshi.com/markets/kxncaafgame/kxncaafgame-26sep12utsatxst
kalshi,KXNCAAFGAME-26SEP12WAGJMU-JMU,KXNCAAFGAME-26SEP12WAGJMU,Wagner vs James Madison,james madison,wagner,1.0,15490.96,2026-09-12,2026-09-14T19:30:00+00:00,https://kalshi.com/markets/kxncaafgame/kxncaafgame-26sep12wagjmu
kalshi,KXNCAAFGAME-26SEP12WAGJMU-WAG,KXNCAAFGAME-26SEP12WAGJMU,Wagner vs James Madison,wagner,james madison,0.01,84612.63,2026-09-12,2026-09-14T19:30:00+00:00,https://kalshi.com/markets/kxncaafgame/kxncaafgame-26sep12wagjmu
kalshi,KXNCAAFGAME-26SEP12WEBCOLO-COLO,KXNCAAFGAME-26SEP12WEBCOLO,Weber St. vs Colorado,colorado,weber state,0.99,20386.36,2026-09-12,2026-09-14T19:30:00+00:00,https://kalshi.com/markets/kxncaafgame/kxncaafgame-26sep12webcolo
kalshi,KXNCAAFGAME-26SEP12WEBCOLO-WEB,KXNCAAFGAME-26SEP12WEBCOLO,Weber St. vs Colorado,weber state,colorado,0.02,28359.0,2026-09-12,2026-09-14T19:30:00+00:00,https://kalshi.com/markets/kxncaafgame/kxncaafgame-26sep12webcolo
kalshi,KXNCAAFGAME-26SEP12UNLVUNT-UNT,KXNCAAFGAME-26SEP12UNLVUNT,UNLV vs North Texas,north texas,unlv,0.41,18389.92,2026-09-12,2026-09-14T19:45:00+00:00,https://kalshi.com/markets/kxncaafgame/kxncaafgame-26sep12unlvunt
kalshi,KXNCAAFGAME-26SEP12UNLVUNT-UNLV,KXNCAAFGAME-26SEP12UNLVUNT,UNLV vs North Texas,unlv,north texas,0.6,16520.47,2026-09-12,2026-09-14T19:45:00+00:00,https://kalshi.com/markets/kxncaafgame/kxncaafgame-26sep12unlvunt
kalshi,KXNCAAFGAME-26SEP12ALSTTROY-TROY,KXNCAAFGAME-26SEP12ALSTTROY,Alabama St. vs Troy,troy,alabama state,0.93,4851.24,2026-09-12,2026-09-14T20:00:00+00:00,https://kalshi.com/markets/kxncaafgame/kxncaafgame-26sep12alsttroy
kalshi,KXNCAAFGAME-26SEP12ALSTTROY-ALST,KXNCAAFGAME-26SEP12ALSTTROY,Alabama St. vs Troy,alabama state,troy,0.08,4410.71,2026-09-12,2026-09-14T20:00:00+00:00,https://kalshi.com/markets/kxncaafgame/kxncaafgame-26sep12alsttroy
kalshi,KXNCAAFGAME-26SEP12LAMIDHO-IDHO,KXNCAAFGAME-26SEP12LAMIDHO,Lamar vs Idaho,idaho,lamar,0.51,609.71,2026-09-12,2026-09-14T20:00:00+00:00,https://kalshi.com/markets/kxncaafgame/kxncaafgame-26sep12lamidho
kalshi,KXNCAAFGAME-26SEP12LAMIDHO-LAM,KXNCAAFGAME-26SEP12LAMIDHO,Lamar vs Idaho,lamar,idaho,0.52,250.4,2026-09-12,2026-09-14T20:00:00+00:00,https://kalshi.com/markets/kxncaafgame/kxncaafgame-26sep12lamidho
kalshi,KXNCAAFGAME-26SEP12MHUUNM-UNM,KXNCAAFGAME-26SEP12MHUUNM,Mercyhurst vs New Mexico,new mexico,mercyhurst,1.0,20792.55,2026-09-12,2026-09-14T20:00:00+00:00,https://kalshi.com/markets/kxncaafgame/kxncaafgame-26sep12mhuunm
kalshi,KXNCAAFGAME-26SEP12MHUUNM-MHU,KXNCAAFGAME-26SEP12MHUUNM,Mercyhurst vs New Mexico,mercyhurst,new mexico,0.01,53417.2,2026-09-12,2026-09-14T20:00:00+00:00,https://kalshi.com/markets/kxncaafgame/kxncaafgame-26sep12mhuunm
kalshi,KXNCAAFGAME-26SEP12STETCOOK-COOK,KXNCAAFGAME-26SEP12STETCOOK,Stetson vs Bethune-Cookman,bethune cookman,stetson,0.88,1268.44,2026-09-12,2026-09-14T20:00:00+00:00,https://kalshi.com/markets/kxncaafgame/kxncaafgame-26sep12stetcook
kalshi,KXNCAAFGAME-26SEP12STETCOOK-STET,KXNCAAFGAME-26SEP12STETCOOK,Stetson vs Bethune-Cookman,stetson,bethune cookman,0.14,1207.3,2026-09-12,2026-09-14T20:00:00+00:00,https://kalshi.com/markets/kxncaafgame/kxncaafgame-26sep12stetcook
kalshi,KXNCAAFGAME-26SEP12UCDSMU-SMU,KXNCAAFGAME-26SEP12UCDSMU,UC Davis vs SMU,smu,uc davis,0.96,9755.64,2026-09-12,2026-09-14T20:00:00+00:00,https://kalshi.com/markets/kxncaafgame/kxncaafgame-26sep12ucdsmu
kalshi,KXNCAAFGAME-26SEP12UCDSMU-UCD,KXNCAAFGAME-26SEP12UCDSMU,UC Davis vs SMU,uc davis,smu,0.05,7764.63,2026-09-12,2026-09-14T20:00:00+00:00,https://kalshi.com/markets/kxncaafgame/kxncaafgame-26sep12ucdsmu
kalshi,KXNCAAFGAME-26SEP12UNCOWYO-WYO,KXNCAAFGAME-26SEP12UNCOWYO,Northern Colorado vs Wyoming,wyoming,northern colorado,0.95,4782.1,2026-09-12,2026-09-14T20:00:00+00:00,https://kalshi.com/markets/kxncaafgame/kxncaafgame-26sep12uncowyo
kalshi,KXNCAAFGAME-26SEP12UNCOWYO-UNCO,KXNCAAFGAME-26SEP12UNCOWYO,Northern Colorado vs Wyoming,northern colorado,wyoming,0.06,3615.23,2026-09-12,2026-09-14T20:00:00+00:00,https://kalshi.com/markets/kxncaafgame/kxncaafgame-26sep12uncowyo
kalshi,KXNCAAFGAME-26SEP12DELVAN-VAN,KXNCAAFGAME-26SEP12DELVAN,Delaware vs Vanderbilt,vanderbilt,delaware,0.92,2773.58,2026-09-12,2026-09-14T20:15:00+00:00,https://kalshi.com/markets/kxncaafgame/kxncaafgame-26sep12delvan
kalshi,KXNCAAFGAME-26SEP12DELVAN-DEL,KXNCAAFGAME-26SEP12DELVAN,Delaware vs Vanderbilt,delaware,vanderbilt,0.09,5624.96,2026-09-12,2026-09-14T20:15:00+00:00,https://kalshi.com/markets/kxncaafgame/kxncaafgame-26sep12delvan
kalshi,KXNCAAFGAME-26SEP12IWNAU-NAU,KXNCAAFGAME-26SEP12IWNAU,Incarnate Word vs Northern Arizona,northern arizona,incarnate word,0.57,9880.46,2026-09-12,2026-09-14T21:00:00+00:00,https://kalshi.com/markets/kxncaafgame/kxncaafgame-26sep12iwnau
kalshi,KXNCAAFGAME-26SEP12IWNAU-IW,KXNCAAFGAME-26SEP12IWNAU,Incarnate Word vs Northern Arizona,incarnate word,northern arizona,0.42,1361.87,2026-09-12,2026-09-14T21:00:00+00:00,https://kalshi.com/markets/kxncaafgame/kxncaafgame-26sep12iwnau
kalshi,KXNCAAFGAME-26SEP12MOREPEAY-PEAY,KXNCAAFGAME-26SEP12MOREPEAY,Morehead St. vs Austin Peay,austin peay,morehead state,0.97,19477.74,2026-09-12,2026-09-14T21:00:00+00:00,https://kalshi.com/markets/kxncaafgame/kxncaafgame-26sep12morepeay
kalshi,KXNCAAFGAME-26SEP12MOREPEAY-MORE,KXNCAAFGAME-26SEP12MOREPEAY,Morehead St. vs Austin Peay,morehead state,austin peay,0.03,8976.49,2026-09-12,2026-09-14T21:00:00+00:00,https://kalshi.com/markets/kxncaafgame/kxncaafgame-26sep12morepeay
kalshi,KXNCAAFGAME-26SEP12MRMKME-ME,KXNCAAFGAME-26SEP12MRMKME,Merrimack vs Maine,maine,merrimack,0.8,38.45,2026-09-12,2026-09-14T21:00:00+00:00,https://kalshi.com/markets/kxncaafgame/kxncaafgame-26sep12mrmkme
kalshi,KXNCAAFGAME-26SEP12MRMKME-MRMK,KXNCAAFGAME-26SEP12MRMKME,Merrimack vs Maine,merrimack,maine,0.22,4.28,2026-09-12,2026-09-14T21:00:00+00:00,https://kalshi.com/markets/kxncaafgame/kxncaafgame-26sep12mrmkme
kalshi,KXNCAAFGAME-26SEP12CAMPFLA-FLA,KXNCAAFGAME-26SEP12CAMPFLA,Campbell vs Florida,florida,campbell,1.0,22208.27,2026-09-12,2026-09-14T21:30:00+00:00,https://kalshi.com/markets/kxncaafgame/kxncaafgame-26sep12campfla
kalshi,KXNCAAFGAME-26SEP12CAMPFLA-CAMP,KXNCAAFGAME-26SEP12CAMPFLA,Campbell vs Florida,campbell,florida,0.01,62797.26,2026-09-12,2026-09-14T21:30:00+00:00,https://kalshi.com/markets/kxncaafgame/kxncaafgame-26sep12campfla
kalshi,KXNCAAFGAME-26SEP12BRYHAMP-HAMP,KXNCAAFGAME-26SEP12BRYHAMP,Bryant vs Hampton,hampton,bryant,0.41,99.01,2026-09-12,2026-09-14T22:00:00+00:00,https://kalshi.com/markets/kxncaafgame/kxncaafgame-26sep12bryhamp
kalshi,KXNCAAFGAME-26SEP12BRYHAMP-BRY,KXNCAAFGAME-26SEP12BRYHAMP,Bryant vs Hampton,bryant,hampton,0.62,364.68,2026-09-12,2026-09-14T22:00:00+00:00,https://kalshi.com/markets/kxncaafgame/kxncaafgame-26sep12bryhamp
kalshi,KXNCAAFGAME-26SEP12BUFFFIU-FIU,KXNCAAFGAME-26SEP12BUFFFIU,Buffalo vs Florida International,fiu,buffalo,0.79,14031.89,2026-09-12,2026-09-14T22:00:00+00:00,https://kalshi.com/markets/kxncaafgame/kxncaafgame-26sep12bufffiu
kalshi,KXNCAAFGAME-26SEP12BUFFFIU-BUFF,KXNCAAFGAME-26SEP12BUFFFIU,Buffalo vs Florida International,buffalo,fiu,0.23,20135.06,2026-09-12,2026-09-14T22:00:00+00:00,https://kalshi.com/markets/kxncaafgame/kxncaafgame-26sep12bufffiu
kalshi,KXNCAAFGAME-26SEP12CHATEKY-EKY,KXNCAAFGAME-26SEP12CHATEKY,Chattanooga vs Eastern Kentucky,eastern kentucky,chattanooga,0.38,91.23,2026-09-12,2026-09-14T22:00:00+00:00,https://kalshi.com/markets/kxncaafgame/kxncaafgame-26sep12chateky
kalshi,KXNCAAFGAME-26SEP12CHATEKY-CHAT,KXNCAAFGAME-26SEP12CHATEKY,Chattanooga vs Eastern Kentucky,chattanooga,eastern kentucky,0.65,243.41,2026-09-12,2026-09-14T22:00:00+00:00,https://kalshi.com/markets/kxncaafgame/kxncaafgame-26sep12chateky
kalshi,KXNCAAFGAME-26SEP12CHSOCIT-CIT,KXNCAAFGAME-26SEP12CHSOCIT,Charleston Southern vs The Citadel,the citadel,charleston southern,0.52,1032.5,2026-09-12,2026-09-14T22:00:00+00:00,https://kalshi.com/markets/kxncaafgame/kxncaafgame-26sep12chsocit
kalshi,KXNCAAFGAME-26SEP12CHSOCIT-CHSO,KXNCAAFGAME-26SEP12CHSOCIT,Charleston Southern vs The Citadel,charleston southern,the citadel,0.51,472.73,2026-09-12,2026-09-14T22:00:00+00:00,https://kalshi.com/markets/kxncaafgame/kxncaafgame-26sep12chsocit
kalshi,KXNCAAFGAME-26SEP12FURMER-MER,KXNCAAFGAME-26SEP12FURMER,Furman vs Mercer,mercer,furman,0.86,527.16,2026-09-12,2026-09-14T22:00:00+00:00,https://kalshi.com/markets/kxncaafgame/kxncaafgame-26sep12furmer
kalshi,KXNCAAFGAME-26SEP12FURMER-FUR,KXNCAAFGAME-26SEP12FURMER,Furman vs Mercer,furman,mercer,0.16,231.04,2026-09-12,2026-09-14T22:00:00+00:00,https://kalshi.com/markets/kxncaafgame/kxncaafgame-26sep12furmer
kalshi,KXNCAAFGAME-26SEP12JVSTOHIO-OHIO,KXNCAAFGAME-26SEP12JVSTOHIO,Jacksonville St. vs Ohio,ohio,jacksonville state,0.56,24978.21,2026-09-12,2026-09-14T22:00:00+00:00,https://kalshi.com/markets/kxncaafgame/kxncaafgame-26sep12jvstohio
kalshi,KXNCAAFGAME-26SEP12JVSTOHIO-JVST,KXNCAAFGAME-26SEP12JVSTOHIO,Jacksonville St. vs Ohio,jacksonville state,ohio,0.45,2541.1,2026-09-12,2026-09-14T22:00:00+00:00,https://kalshi.com/markets/kxncaafgame/kxncaafgame-26sep12jvstohio
kalshi,KXNCAAFGAME-26SEP12MEMBSU-BSU,KXNCAAFGAME-26SEP12MEMBSU,Memphis vs Boise St.,boise state,memphis,0.76,16240.48,2026-09-12,2026-09-14T22:00:00+00:00,https://kalshi.com/markets/kxncaafgame/kxncaafgame-26sep12membsu
kalshi,KXNCAAFGAME-26SEP12MEMBSU-MEM,KXNCAAFGAME-26SEP12MEMBSU,Memphis vs Boise St.,memphis,boise state,0.26,12090.83,2026-09-12,2026-09-14T22:00:00+00:00,https://kalshi.com/markets/kxncaafgame/kxncaafgame-26sep12membsu
kalshi,KXNCAAFGAME-26SEP12NCATNCCU-NCCU,KXNCAAFGAME-26SEP12NCATNCCU,North Carolina A&T vs North Carolina Central,north carolina central,north carolina a and t,0.93,767.53,2026-09-12,2026-09-14T22:00:00+00:00,https://kalshi.com/markets/kxncaafgame/kxncaafgame-26sep12ncatnccu
kalshi,KXNCAAFGAME-26SEP12NCATNCCU-NCAT,KXNCAAFGAME-26SEP12NCATNCCU,North Carolina A&T vs North Carolina Central,north carolina a and t,north carolina central,0.09,2601.64,2026-09-12,2026-09-14T22:00:00+00:00,https://kalshi.com/markets/kxncaafgame/kxncaafgame-26sep12ncatnccu
kalshi,KXNCAAFGAME-26SEP12STNHUNH-UNH,KXNCAAFGAME-26SEP12STNHUNH,Stonehill vs New Hampshire,new hampshire,stonehill,0.83,279.35,2026-09-12,2026-09-14T22:00:00+00:00,https://kalshi.com/markets/kxncaafgame/kxncaafgame-26sep12stnhunh
kalshi,KXNCAAFGAME-26SEP12STNHUNH-STNH,KXNCAAFGAME-26SEP12STNHUNH,Stonehill vs New Hampshire,stonehill,new hampshire,0.2,126.01,2026-09-12,2026-09-14T22:00:00+00:00,https://kalshi.com/markets/kxncaafgame/kxncaafgame-26sep12stnhunh
kalshi,KXNCAAFGAME-26SEP12USDIDST-IDST,KXNCAAFGAME-26SEP12USDIDST,San Diego vs Idaho St.,idaho state,san diego,0.96,3587.53,2026-09-12,2026-09-14T22:00:00+00:00,https://kalshi.com/markets/kxncaafgame/kxncaafgame-26sep12usdidst
kalshi,KXNCAAFGAME-26SEP12USDIDST-USD,KXNCAAFGAME-26SEP12USDIDST,San Diego vs Idaho St.,san diego,idaho state,0.05,2083.69,2026-09-12,2026-09-14T22:00:00+00:00,https://kalshi.com/markets/kxncaafgame/kxncaafgame-26sep12usdidst
kalshi,KXNCAAFGAME-26SEP12WEBBLIB-LIB,KXNCAAFGAME-26SEP12WEBBLIB,Gardner-Webb vs Liberty,liberty,gardner webb,0.96,2555.37,2026-09-12,2026-09-14T22:00:00+00:00,https://kalshi.com/markets/kxncaafgame/kxncaafgame-26sep12webblib
kalshi,KXNCAAFGAME-26SEP12WEBBLIB-WEBB,KXNCAAFGAME-26SEP12WEBBLIB,Gardner-Webb vs Liberty,gardner webb,liberty,0.05,1299.22,2026-09-12,2026-09-14T22:00:00+00:00,https://kalshi.com/markets/kxncaafgame/kxncaafgame-26sep12webblib
kalshi,KXNCAAFGAME-26SEP12MONMWMU-WMU,KXNCAAFGAME-26SEP12MONMWMU,Monmouth vs Western Michigan,western michigan,monmouth,0.96,3945.01,2026-09-12,2026-09-14T22:30:00+00:00,https://kalshi.com/markets/kxncaafgame/kxncaafgame-26sep12monmwmu
kalshi,KXNCAAFGAME-26SEP12MONMWMU-MONM,KXNCAAFGAME-26SEP12MONMWMU,Monmouth vs Western Michigan,monmouth,western michigan,0.05,5254.18,2026-09-12,2026-09-14T22:30:00+00:00,https://kalshi.com/markets/kxncaafgame/kxncaafgame-26sep12monmwmu
kalshi,KXNCAAFGAME-26SEP12ARPBALCN-ALCN,KXNCAAFGAME-26SEP12ARPBALCN,Arkansas-Pine Bluff vs Alcorn St.,alcorn state,arkansas pine bluff,0.74,136.48,2026-09-12,2026-09-14T23:00:00+00:00,https://kalshi.com/markets/kxncaafgame/kxncaafgame-26sep12arpbalcn
kalshi,KXNCAAFGAME-26SEP12ARPBALCN-ARPB,KXNCAAFGAME-26SEP12ARPBALCN,Arkansas-Pine Bluff vs Alcorn St.,arkansas pine bluff,alcorn state,0.27,391.57,2026-09-12,2026-09-14T23:00:00+00:00,https://kalshi.com/markets/kxncaafgame/kxncaafgame-26sep12arpbalcn
kalshi,KXNCAAFGAME-26SEP12BGSUNEB-NEB,KXNCAAFGAME-26SEP12BGSUNEB,Bowling Green vs Nebraska,nebraska,bowling green,0.98,20512.85,2026-09-12,2026-09-14T23:00:00+00:00,https://kalshi.com/markets/kxncaafgame/kxncaafgame-26sep12bgsuneb
kalshi,KXNCAAFGAME-26SEP12BGSUNEB-BGSU,KXNCAAFGAME-26SEP12BGSUNEB,Bowling Green vs Nebraska,bowling green,nebraska,0.04,7988.22,2026-09-12,2026-09-14T23:00:00+00:00,https://kalshi.com/markets/kxncaafgame/kxncaafgame-26sep12bgsuneb
kalshi,KXNCAAFGAME-26SEP12GASTKENN-KENN,KXNCAAFGAME-26SEP12GASTKENN,Georgia St. vs Kennesaw St.,kennesaw state,georgia state,0.76,393.53,2026-09-12,2026-09-14T23:00:00+00:00,https://kalshi.com/markets/kxncaafgame/kxncaafgame-26sep12gastkenn
kalshi,KXNCAAFGAME-26SEP12GASTKENN-GAST,KXNCAAFGAME-26SEP12GASTKENN,Georgia St. vs Kennesaw St.,georgia state,kennesaw state,0.26,1169.75,2026-09-12,2026-09-14T23:00:00+00:00,https://kalshi.com/markets/kxncaafgame/kxncaafgame-26sep12gastkenn
kalshi,KXNCAAFGAME-26SEP12ILSTNIU-NIU,KXNCAAFGAME-26SEP12ILSTNIU,Illinois St. vs Northern Illinois,northern illinois,illinois state,0.39,239.5,2026-09-12,2026-09-14T23:00:00+00:00,https://kalshi.com/markets/kxncaafgame/kxncaafgame-26sep12ilstniu
kalshi,KXNCAAFGAME-26SEP12ILSTNIU-ILST,KXNCAAFGAME-26SEP12ILSTNIU,Illinois St. vs Northern Illinois,illinois state,northern illinois,0.62,708.27,2026-09-12,2026-09-14T23:00:00+00:00,https://kalshi.com/markets/kxncaafgame/kxncaafgame-26sep12ilstniu
kalshi,KXNCAAFGAME-26SEP12INSTEIU-EIU,KXNCAAFGAME-26SEP12INSTEIU,Indiana St. vs Eastern Illinois,eastern illinois,indiana state,0.48,146.29,2026-09-12,2026-09-14T23:00:00+00:00,https://kalshi.com/markets/kxncaafgame/kxncaafgame-26sep12insteiu
kalshi,KXNCAAFGAME-26SEP12INSTEIU-INST,KXNCAAFGAME-26SEP12INSTEIU,Indiana St. vs Eastern Illinois,indiana state,eastern illinois,0.54,78.82,2026-09-12,2026-09-14T23:00:00+00:00,https://kalshi.com/markets/kxncaafgame/kxncaafgame-26sep12insteiu
kalshi,KXNCAAFGAME-26SEP12LINWMOSU-MOSU,KXNCAAFGAME-26SEP12LINWMOSU,Lindenwood vs Missouri St.,missouri state,lindenwood,0.93,1004.21,2026-09-12,2026-09-14T23:00:00+00:00,https://kalshi.com/markets/kxncaafgame/kxncaafgame-26sep12linwmosu
kalshi,KXNCAAFGAME-26SEP12LINWMOSU-LINW,KXNCAAFGAME-26SEP12LINWMOSU,Lindenwood vs Missouri St.,lindenwood,missouri state,0.09,556.64,2026-09-12,2026-09-14T23:00:00+00:00,https://kalshi.com/markets/kxncaafgame/kxncaafgame-26sep12linwmosu
kalshi,KXNCAAFGAME-26SEP12MTUMRSH-MRSH,KXNCAAFGAME-26SEP12MTUMRSH,Middle Tennessee vs Marshall,marshall,middle tennessee,0.83,1074.2,2026-09-12,2026-09-14T23:00:00+00:00,https://kalshi.com/markets/kxncaafgame/kxncaafgame-26sep12mtumrsh
kalshi,KXNCAAFGAME-26SEP12MTUMRSH-MTU,KXNCAAFGAME-26SEP12MTUMRSH,Middle Tennessee vs Marshall,middle tennessee,marshall,0.18,4587.64,2026-09-12,2026-09-14T23:00:00+00:00,https://kalshi.com/markets/kxncaafgame/kxncaafgame-26sep12mtumrsh
kalshi,KXNCAAFGAME-26SEP12NHCSDST-SDST,KXNCAAFGAME-26SEP12NHCSDST,New Haven vs South Dakota St.,south dakota state,new haven,0.98,10208.02,2026-09-12,2026-09-14T23:00:00+00:00,https://kalshi.com/markets/kxncaafgame/kxncaafgame-26sep12nhcsdst
kalshi,KXNCAAFGAME-26SEP12NHCSDST-NHC,KXNCAAFGAME-26SEP12NHCSDST,New Haven vs South Dakota St.,new haven,south dakota state,0.02,13818.85,2026-09-12,2026-09-14T23:00:00+00:00,https://kalshi.com/markets/kxncaafgame/kxncaafgame-26sep12nhcsdst
kalshi,KXNCAAFGAME-26SEP12NWSTETAM-ETAM,KXNCAAFGAME-26SEP12NWSTETAM,Northwestern St. vs East Texas A&M,east texas a and m,northwestern state,0.91,1596.19,2026-09-12,2026-09-14T23:00:00+00:00,https://kalshi.com/markets/kxncaafgame/kxncaafgame-26sep12nwstetam
kalshi,KXNCAAFGAME-26SEP12NWSTETAM-NWST,KXNCAAFGAME-26SEP12NWSTETAM,Northwestern St. vs East Texas A&M,northwestern state,east texas a and m,0.09,977.84,2026-09-12,2026-09-14T23:00:00+00:00,https://kalshi.com/markets/kxncaafgame/kxncaafgame-26sep12nwstetam
kalshi,KXNCAAFGAME-26SEP12SAMTNTC-TNTC,KXNCAAFGAME-26SEP12SAMTNTC,Samford vs Tennessee Tech,tennessee tech,samford,0.95,1372.85,2026-09-12,2026-09-14T23:00:00+00:00,https://kalshi.com/markets/kxncaafgame/kxncaafgame-26sep12samtntc
kalshi,KXNCAAFGAME-26SEP12SAMTNTC-SAM,KXNCAAFGAME-26SEP12SAMTNTC,Samford vs Tennessee Tech,samford,tennessee tech,0.07,1591.68,2026-09-12,2026-09-14T23:00:00+00:00,https://kalshi.com/markets/kxncaafgame/kxncaafgame-26sep12samtntc
kalshi,KXNCAAFGAME-26SEP12SEMOSIU-SIU,KXNCAAFGAME-26SEP12SEMOSIU,Southeast Missouri St. vs Southern Illinois,southern illinois,southeast missouri state,0.73,103.05,2026-09-12,2026-09-14T23:00:00+00:00,https://kalshi.com/markets/kxncaafgame/kxncaafgame-26sep12semosiu
kalshi,KXNCAAFGAME-26SEP12SEMOSIU-SEMO,KXNCAAFGAME-26SEP12SEMOSIU,Southeast Missouri St. vs Southern Illinois,southeast missouri state,southern illinois,0.3,162.43,2026-09-12,2026-09-14T23:00:00+00:00,https://kalshi.com/markets/kxncaafgame/kxncaafgame-26sep12semosiu
kalshi,KXNCAAFGAME-26SEP12SOUHOU-HOU,KXNCAAFGAME-26SEP12SOUHOU,Southern University vs Houston,houston,southern university,1.0,17587.61,2026-09-12,2026-09-14T23:00:00+00:00,https://kalshi.com/markets/kxncaafgame/kxncaafgame-26sep12souhou
kalshi,KXNCAAFGAME-26SEP12SOUHOU-SOU,KXNCAAFGAME-26SEP12SOUHOU,Southern University vs Houston,southern university,houston,0.01,35782.98,2026-09-12,2026-09-14T23:00:00+00:00,https://kalshi.com/markets/kxncaafgame/kxncaafgame-26sep12souhou
kalshi,KXNCAAFGAME-26SEP12SUUCSU-CSU,KXNCAAFGAME-26SEP12SUUCSU,Southern Utah vs Colorado St.,colorado state,southern utah,0.93,1375.94,2026-09-12,2026-09-14T23:00:00+00:00,https://kalshi.com/markets/kxncaafgame/kxncaafgame-26sep12suucsu
kalshi,KXNCAAFGAME-26SEP12SUUCSU-SUU,KXNCAAFGAME-26SEP12SUUCSU,Southern Utah vs Colorado St.,southern utah,colorado state,0.08,1053.62,2026-09-12,2026-09-14T23:00:00+00:00,https://kalshi.com/markets/kxncaafgame/kxncaafgame-26sep12suucsu
kalshi,KXNCAAFGAME-26SEP12TARLMCNS-MCNS,KXNCAAFGAME-26SEP12TARLMCNS,Tarleton St. vs McNeese,mcneese,tarleton state,0.1,667.97,2026-09-12,2026-09-14T23:00:00+00:00,https://kalshi.com/markets/kxncaafgame/kxncaafgame-26sep12tarlmcns
kalshi,KXNCAAFGAME-26SEP12TARLMCNS-TARL,KXNCAAFGAME-26SEP12TARLMCNS,Tarleton St. vs McNeese,tarleton state,mcneese,0.91,1412.27,2026-09-12,2026-09-14T23:00:00+00:00,https://kalshi.com/markets/kxncaafgame/kxncaafgame-26sep12tarlmcns
kalshi,KXNCAAFGAME-26SEP12TENNGT-GT,KXNCAAFGAME-26SEP12TENNGT,Tennessee vs Georgia Tech,georgia tech,tennessee,0.19,28109.95,2026-09-12,2026-09-14T23:00:00+00:00,https://kalshi.com/markets/kxncaafgame/kxncaafgame-26sep12tenngt
kalshi,KXNCAAFGAME-26SEP12TENNGT-TENN,KXNCAAFGAME-26SEP12TENNGT,Tennessee vs Georgia Tech,tennessee,georgia tech,0.82,10677.53,2026-09-12,2026-09-14T23:00:00+00:00,https://kalshi.com/markets/kxncaafgame/kxncaafgame-26sep12tenngt
kalshi,KXNCAAFGAME-26SEP12TLSASHSU-SHSU,KXNCAAFGAME-26SEP12TLSASHSU,Tulsa vs Sam Houston,sam houston,tulsa,0.18,1032.25,2026-09-12,2026-09-14T23:00:00+00:00,https://kalshi.com/markets/kxncaafgame/kxncaafgame-26sep12tlsashsu
kalshi,KXNCAAFGAME-26SEP12TLSASHSU-TLSA,KXNCAAFGAME-26SEP12TLSASHSU,Tulsa vs Sam Houston,tulsa,sam houston,0.83,1403.09,2026-09-12,2026-09-14T23:00:00+00:00,https://kalshi.com/markets/kxncaafgame/kxncaafgame-26sep12tlsashsu
kalshi,KXNCAAFGAME-26SEP12TNSTAAMU-AAMU,KXNCAAFGAME-26SEP12TNSTAAMU,Tennessee St. vs Alabama A&M,alabama a and m,tennessee state,0.53,227.98,2026-09-12,2026-09-14T23:00:00+00:00,https://kalshi.com/markets/kxncaafgame/kxncaafgame-26sep12tnstaamu
kalshi,KXNCAAFGAME-26SEP12TNSTAAMU-TNST,KXNCAAFGAME-26SEP12TNSTAAMU,Tennessee St. vs Alabama A&M,tennessee state,alabama a and m,0.51,851.48,2026-09-12,2026-09-14T23:00:00+00:00,https://kalshi.com/markets/kxncaafgame/kxncaafgame-26sep12tnstaamu
kalshi,KXNCAAFGAME-26SEP12TOWSSCAR-SCAR,KXNCAAFGAME-26SEP12TOWSSCAR,Towson vs South Carolina,south carolina,towson,1.0,21277.55,2026-09-12,2026-09-14T23:00:00+00:00,https://kalshi.com/markets/kxncaafgame/kxncaafgame-26sep12towsscar
kalshi,KXNCAAFGAME-26SEP12TOWSSCAR-TOWS,KXNCAAFGAME-26SEP12TOWSSCAR,Towson vs South Carolina,towson,south carolina,0.01,23697.24,2026-09-12,2026-09-14T23:00:00+00:00,https://kalshi.com/markets/kxncaafgame/kxncaafgame-26sep12towsscar
kalshi,KXNCAAFGAME-26SEP12UNASELA-SELA,KXNCAAFGAME-26SEP12UNASELA,North Alabama vs Southeastern Louisiana,southeastern louisiana,north alabama,0.66,122.58,2026-09-12,2026-09-14T23:00:00+00:00,https://kalshi.com/markets/kxncaafgame/kxncaafgame-26sep12unasela
kalshi,KXNCAAFGAME-26SEP12UNASELA-UNA,KXNCAAFGAME-26SEP12UNASELA,North Alabama vs Southeastern Louisiana,north alabama,southeastern louisiana,0.37,289.67,2026-09-12,2026-09-14T23:00:00+00:00,https://kalshi.com/markets/kxncaafgame/kxncaafgame-26sep12unasela
kalshi,KXNCAAFGAME-26SEP12USATULN-TULN,KXNCAAFGAME-26SEP12USATULN,South Alabama vs Tulane,tulane,south alabama,0.76,1047.84,2026-09-12,2026-09-14T23:00:00+00:00,https://kalshi.com/markets/kxncaafgame/kxncaafgame-26sep12usatuln
kalshi,KXNCAAFGAME-26SEP12USATULN-USA,KXNCAAFGAME-26SEP12USATULN,South Alabama vs Tulane,south alabama,tulane,0.24,1871.87,2026-09-12,2026-09-14T23:00:00+00:00,https://kalshi.com/markets/kxncaafgame/kxncaafgame-26sep12usatuln
kalshi,KXNCAAFGAME-26SEP12UTRGVNICH-NICH,KXNCAAFGAME-26SEP12UTRGVNICH,UT Rio Grande Valley vs Nicholls St.,nicholls state,ut rio grande valley,0.34,105.49,2026-09-12,2026-09-14T23:00:00+00:00,https://kalshi.com/markets/kxncaafgame/kxncaafgame-26sep12utrgvnich
kalshi,KXNCAAFGAME-26SEP12UTRGVNICH-UTRGV,KXNCAAFGAME-26SEP12UTRGVNICH,UT Rio Grande Valley vs Nicholls St.,ut rio grande valley,nicholls state,0.7,305.07,2026-09-12,2026-09-14T23:00:00+00:00,https://kalshi.com/markets/kxncaafgame/kxncaafgame-26sep12utrgvnich
kalshi,KXNCAAFGAME-26SEP12UWGAARST-ARST,KXNCAAFGAME-26SEP12UWGAARST,West Georgia vs Arkansas St.,arkansas state,west georgia,0.97,2350.55,2026-09-12,2026-09-14T23:00:00+00:00,https://kalshi.com/markets/kxncaafgame/kxncaafgame-26sep12uwgaarst
kalshi,KXNCAAFGAME-26SEP12UWGAARST-UWGA,KXNCAAFGAME-26SEP12UWGAARST,West Georgia vs Arkansas St.,west georgia,arkansas state,0.04,3719.75,2026-09-12,2026-09-14T23:00:00+00:00,https://kalshi.com/markets/kxncaafgame/kxncaafgame-26sep12uwgaarst
kalshi,KXNCAAFGAME-26SEP12VALPMURR-MURR,KXNCAAFGAME-26SEP12VALPMURR,Valparaiso vs Murray St.,murray state,valparaiso,0.85,515.01,2026-09-12,2026-09-14T23:00:00+00:00,https://kalshi.com/markets/kxncaafgame/kxncaafgame-26sep12valpmurr
kalshi,KXNCAAFGAME-26SEP12VALPMURR-VALP,KXNCAAFGAME-26SEP12VALPMURR,Valparaiso vs Murray St.,valparaiso,murray state,0.21,67.21,2026-09-12,2026-09-14T23:00:00+00:00,https://kalshi.com/markets/kxncaafgame/kxncaafgame-26sep12valpmurr
kalshi,KXNCAAFGAME-26SEP12WCUCIN-CIN,KXNCAAFGAME-26SEP12WCUCIN,Western Carolina vs Cincinnati,cincinnati,western carolina,0.98,12099.61,2026-09-12,2026-09-14T23:00:00+00:00,https://kalshi.com/markets/kxncaafgame/kxncaafgame-26sep12wcucin
kalshi,KXNCAAFGAME-26SEP12WCUCIN-WCU,KXNCAAFGAME-26SEP12WCUCIN,Western Carolina vs Cincinnati,western carolina,cincinnati,0.02,6297.79,2026-09-12,2026-09-14T23:00:00+00:00,https://kalshi.com/markets/kxncaafgame/kxncaafgame-26sep12wcucin
kalshi,KXNCAAFGAME-26SEP12SDSUUCLA-UCLA,KXNCAAFGAME-26SEP12SDSUUCLA,San Diego St. vs UCLA,ucla,san diego state,0.82,11474.8,2026-09-12,2026-09-14T23:15:00+00:00,https://kalshi.com/markets/kxncaafgame/kxncaafgame-26sep12sdsuucla
kalshi,KXNCAAFGAME-26SEP12SDSUUCLA-SDSU,KXNCAAFGAME-26SEP12SDSUUCLA,San Diego St. vs UCLA,san diego state,ucla,0.2,4916.03,2026-09-12,2026-09-14T23:15:00+00:00,https://kalshi.com/markets/kxncaafgame/kxncaafgame-26sep12sdsuucla
kalshi,KXNCAAFGAME-26SEP12WIUWIS-WIS,KXNCAAFGAME-26SEP12WIUWIS,Western Illinois vs Wisconsin,wisconsin,western illinois,0.99,10654.33,2026-09-12,2026-09-14T23:15:00+00:00,https://kalshi.com/markets/kxncaafgame/kxncaafgame-26sep12wiuwis
kalshi,KXNCAAFGAME-26SEP12WIUWIS-WIU,KXNCAAFGAME-26SEP12WIUWIS,Western Illinois vs Wisconsin,western illinois,wisconsin,0.02,23231.2,2026-09-12,2026-09-14T23:15:00+00:00,https://kalshi.com/markets/kxncaafgame/kxncaafgame-26sep12wiuwis
kalshi,KXNCAAFGAME-26SEP12FORCCAR-CCAR,KXNCAAFGAME-26SEP12FORCCAR,Fordham vs Coastal Carolina,coastal carolina,fordham,0.98,6611.59,2026-09-12,2026-09-14T23:30:00+00:00,https://kalshi.com/markets/kxncaafgame/kxncaafgame-26sep12forccar
kalshi,KXNCAAFGAME-26SEP12FORCCAR-FOR,KXNCAAFGAME-26SEP12FORCCAR,Fordham vs Coastal Carolina,fordham,coastal carolina,0.03,2555.96,2026-09-12,2026-09-14T23:30:00+00:00,https://kalshi.com/markets/kxncaafgame/kxncaafgame-26sep12forccar
kalshi,KXNCAAFGAME-26SEP12GASOCLEM-CLEM,KXNCAAFGAME-26SEP12GASOCLEM,Georgia Southern vs Clemson,clemson,georgia southern,0.91,19631.29,2026-09-12,2026-09-14T23:30:00+00:00,https://kalshi.com/markets/kxncaafgame/kxncaafgame-26sep12gasoclem
kalshi,KXNCAAFGAME-26SEP12GASOCLEM-GASO,KXNCAAFGAME-26SEP12GASOCLEM,Georgia Southern vs Clemson,georgia southern,clemson,0.1,101569.43,2026-09-12,2026-09-14T23:30:00+00:00,https://kalshi.com/markets/kxncaafgame/kxncaafgame-26sep12gasoclem
kalshi,KXNCAAFGAME-26SEP12ISUIOWA-IOWA,KXNCAAFGAME-26SEP12ISUIOWA,Iowa St. vs Iowa,iowa,iowa state,0.85,20455.72,2026-09-12,2026-09-14T23:30:00+00:00,https://kalshi.com/markets/kxncaafgame/kxncaafgame-26sep12isuiowa
kalshi,KXNCAAFGAME-26SEP12ISUIOWA-ISU,KXNCAAFGAME-26SEP12ISUIOWA,Iowa St. vs Iowa,iowa state,iowa,0.17,22228.37,2026-09-12,2026-09-14T23:30:00+00:00,https://kalshi.com/markets/kxncaafgame/kxncaafgame-26sep12isuiowa
kalshi,KXNCAAFGAME-26SEP12LTLSU-LSU,KXNCAAFGAME-26SEP12LTLSU,Louisiana Tech vs LSU,lsu,louisiana tech,0.99,30203.84,2026-09-12,2026-09-14T23:30:00+00:00,https://kalshi.com/markets/kxncaafgame/kxncaafgame-26sep12ltlsu
kalshi,KXNCAAFGAME-26SEP12LTLSU-LT,KXNCAAFGAME-26SEP12LTLSU,Louisiana Tech vs LSU,louisiana tech,lsu,0.02,48694.69,2026-09-12,2026-09-14T23:30:00+00:00,https://kalshi.com/markets/kxncaafgame/kxncaafgame-26sep12ltlsu
kalshi,KXNCAAFGAME-26SEP12NAVYFAU-FAU,KXNCAAFGAME-26SEP12NAVYFAU,Navy vs Florida Atlantic,florida atlantic,navy,0.36,1155.71,2026-09-12,2026-09-14T23:30:00+00:00,https://kalshi.com/markets/kxncaafgame/kxncaafgame-26sep12navyfau
kalshi,KXNCAAFGAME-26SEP12NAVYFAU-NAVY,KXNCAAFGAME-26SEP12NAVYFAU,Navy vs Florida Atlantic,navy,florida atlantic,0.66,1920.07,2026-09-12,2026-09-14T23:30:00+00:00,https://kalshi.com/markets/kxncaafgame/kxncaafgame-26sep12navyfau
kalshi,KXNCAAFGAME-26SEP12OSUTEX-TEX,KXNCAAFGAME-26SEP12OSUTEX,Ohio St. vs Texas,texas,ohio state,0.54,334332.56,2026-09-12,2026-09-14T23:30:00+00:00,https://kalshi.com/markets/kxncaafgame/kxncaafgame-26sep12osutex
kalshi,KXNCAAFGAME-26SEP12OSUTEX-OSU,KXNCAAFGAME-26SEP12OSUTEX,Ohio St. vs Texas,ohio state,texas,0.47,421816.75,2026-09-12,2026-09-14T23:30:00+00:00,https://kalshi.com/markets/kxncaafgame/kxncaafgame-26sep12osutex
kalshi,KXNCAAFGAME-26SEP12TTUORST-ORST,KXNCAAFGAME-26SEP12TTUORST,Texas Tech vs Oregon St.,oregon state,texas tech,0.06,51391.38,2026-09-12,2026-09-14T23:30:00+00:00,https://kalshi.com/markets/kxncaafgame/kxncaafgame-26sep12ttuorst
kalshi,KXNCAAFGAME-26SEP12TTUORST-TTU,KXNCAAFGAME-26SEP12TTUORST,Texas Tech vs Oregon St.,texas tech,oregon state,0.96,14378.69,2026-09-12,2026-09-14T23:30:00+00:00,https://kalshi.com/markets/kxncaafgame/kxncaafgame-26sep12ttuorst
kalshi,KXNCAAFGAME-26SEP12CHARMISS-MISS,KXNCAAFGAME-26SEP12CHARMISS,Charlotte vs Ole Miss,mississippi,charlotte,1.0,16331.41,2026-09-12,2026-09-14T23:45:00+00:00,https://kalshi.com/markets/kxncaafgame/kxncaafgame-26sep12charmiss
kalshi,KXNCAAFGAME-26SEP12CHARMISS-CHAR,KXNCAAFGAME-26SEP12CHARMISS,Charlotte vs Ole Miss,charlotte,mississippi,0.01,34040.74,2026-09-12,2026-09-14T23:45:00+00:00,https://kalshi.com/markets/kxncaafgame/kxncaafgame-26sep12charmiss
kalshi,KXNCAAFGAME-26SEP12USMAUB-AUB,KXNCAAFGAME-26SEP12USMAUB,Southern Miss vs Auburn,auburn,southern miss,0.98,12923.14,2026-09-12,2026-09-14T23:45:00+00:00,https://kalshi.com/markets/kxncaafgame/kxncaafgame-26sep12usmaub
kalshi,KXNCAAFGAME-26SEP12USMAUB-USM,KXNCAAFGAME-26SEP12USMAUB,Southern Miss vs Auburn,southern miss,auburn,0.03,94456.01,2026-09-12,2026-09-14T23:45:00+00:00,https://kalshi.com/markets/kxncaafgame/kxncaafgame-26sep12usmaub
kalshi,KXNCAAFGAME-26SEP12GRAMTCU-TCU,KXNCAAFGAME-26SEP12GRAMTCU,Grambling St. vs TCU,tcu,grambling state,1.0,21110.47,2026-09-12,2026-09-15T00:00:00+00:00,https://kalshi.com/markets/kxncaafgame/kxncaafgame-26sep12gramtcu
kalshi,KXNCAAFGAME-26SEP12GRAMTCU-GRAM,KXNCAAFGAME-26SEP12GRAMTCU,Grambling St. vs TCU,grambling state,tcu,0.01,108227.94,2026-09-12,2026-09-15T00:00:00+00:00,https://kalshi.com/markets/kxncaafgame/kxncaafgame-26sep12gramtcu
kalshi,KXNCAAFGAME-26SEP12PVBAY-BAY,KXNCAAFGAME-26SEP12PVBAY,Prairie View A&M vs Baylor,baylor,prairie view a and m,0.99,18408.11,2026-09-12,2026-09-15T00:00:00+00:00,https://kalshi.com/markets/kxncaafgame/kxncaafgame-26sep12pvbay
kalshi,KXNCAAFGAME-26SEP12PVBAY-PV,KXNCAAFGAME-26SEP12PVBAY,Prairie View A&M vs Baylor,prairie view a and m,baylor,0.02,27434.13,2026-09-12,2026-09-15T00:00:00+00:00,https://kalshi.com/markets/kxncaafgame/kxncaafgame-26sep12pvbay
kalshi,KXNCAAFGAME-26SEP12SFAAC-AC,KXNCAAFGAME-26SEP12SFAAC,Stephen F. Austin vs Abilene Christian,abilene christian,stephen f austin,0.43,155.49,2026-09-12,2026-09-15T00:00:00+00:00,https://kalshi.com/markets/kxncaafgame/kxncaafgame-26sep12sfaac
kalshi,KXNCAAFGAME-26SEP12SFAAC-SFA,KXNCAAFGAME-26SEP12SFAAC,Stephen F. Austin vs Abilene Christian,stephen f austin,abilene christian,0.72,175.78,2026-09-12,2026-09-15T00:00:00+00:00,https://kalshi.com/markets/kxncaafgame/kxncaafgame-26sep12sfaac
kalshi,KXNCAAFGAME-26SEP12TXSOUTEP-UTEP,KXNCAAFGAME-26SEP12TXSOUTEP,Texas Southern vs UTEP,utep,texas southern,0.97,6799.64,2026-09-12,2026-09-15T01:00:00+00:00,https://kalshi.com/markets/kxncaafgame/kxncaafgame-26sep12txsoutep
kalshi,KXNCAAFGAME-26SEP12TXSOUTEP-TXSO,KXNCAAFGAME-26SEP12TXSOUTEP,Texas Southern vs UTEP,texas southern,utep,0.04,4389.44,2026-09-12,2026-09-15T01:00:00+00:00,https://kalshi.com/markets/kxncaafgame/kxncaafgame-26sep12txsoutep
kalshi,KXNCAAFGAME-26SEP12NDSUAFA-AFA,KXNCAAFGAME-26SEP12NDSUAFA,North Dakota St. vs Air Force,air force,north dakota state,0.47,6206.97,2026-09-12,2026-09-15T02:00:00+00:00,https://kalshi.com/markets/kxncaafgame/kxncaafgame-26sep12ndsuafa
kalshi,KXNCAAFGAME-26SEP12NDSUAFA-NDSU,KXNCAAFGAME-26SEP12NDSUAFA,North Dakota St. vs Air Force,north dakota state,air force,0.54,8198.79,2026-09-12,2026-09-15T02:00:00+00:00,https://kalshi.com/markets/kxncaafgame/kxncaafgame-26sep12ndsuafa
kalshi,KXNCAAFGAME-26SEP12UNDPRST-PRST,KXNCAAFGAME-26SEP12UNDPRST,North Dakota vs Portland St.,portland state,north dakota,0.05,1838.41,2026-09-12,2026-09-15T02:00:00+00:00,https://kalshi.com/markets/kxncaafgame/kxncaafgame-26sep12undprst
kalshi,KXNCAAFGAME-26SEP12UNDPRST-UND,KXNCAAFGAME-26SEP12UNDPRST,North Dakota vs Portland St.,north dakota,portland state,0.96,2088.47,2026-09-12,2026-09-15T02:00:00+00:00,https://kalshi.com/markets/kxncaafgame/kxncaafgame-26sep12undprst
kalshi,KXNCAAFGAME-26SEP12ARKUTAH-UTAH,KXNCAAFGAME-26SEP12ARKUTAH,Arkansas vs Utah,utah,arkansas,0.82,13160.13,2026-09-12,2026-09-15T02:15:00+00:00,https://kalshi.com/markets/kxncaafgame/kxncaafgame-26sep12arkutah
kalshi,KXNCAAFGAME-26SEP12ARKUTAH-ARK,KXNCAAFGAME-26SEP12ARKUTAH,Arkansas vs Utah,arkansas,utah,0.2,15109.34,2026-09-12,2026-09-15T02:15:00+00:00,https://kalshi.com/markets/kxncaafgame/kxncaafgame-26sep12arkutah
kalshi,KXNCAAFGAME-26SEP12MTSTNEV-NEV,KXNCAAFGAME-26SEP12MTSTNEV,Montana St. vs Nevada,nevada,montana state,0.41,7562.87,2026-09-12,2026-09-15T02:30:00+00:00,https://kalshi.com/markets/kxncaafgame/kxncaafgame-26sep12mtstnev
kalshi,KXNCAAFGAME-26SEP12MTSTNEV-MTST,KXNCAAFGAME-26SEP12MTSTNEV,Montana St. vs Nevada,montana state,nevada,0.6,3028.16,2026-09-12,2026-09-15T02:30:00+00:00,https://kalshi.com/markets/kxncaafgame/kxncaafgame-26sep12mtstnev
kalshi,KXNCAAFGAME-26SEP12SACFRES-FRES,KXNCAAFGAME-26SEP12SACFRES,Sacramento St. vs Fresno St.,fresno state,sacramento state,0.9,1176.65,2026-09-12,2026-09-15T02:30:00+00:00,https://kalshi.com/markets/kxncaafgame/kxncaafgame-26sep12sacfres
kalshi,KXNCAAFGAME-26SEP12SACFRES-SAC,KXNCAAFGAME-26SEP12SACFRES,Sacramento St. vs Fresno St.,sacramento state,fresno state,0.12,3108.22,2026-09-12,2026-09-15T02:30:00+00:00,https://kalshi.com/markets/kxncaafgame/kxncaafgame-26sep12sacfres
kalshi,KXNCAAFGAME-26SEP12ULLUSC-USC,KXNCAAFGAME-26SEP12ULLUSC,Louisiana vs USC,usc,louisiana,0.98,18522.38,2026-09-12,2026-09-15T03:00:00+00:00,https://kalshi.com/markets/kxncaafgame/kxncaafgame-26sep12ullusc
kalshi,KXNCAAFGAME-26SEP12ULLUSC-ULL,KXNCAAFGAME-26SEP12ULLUSC,Louisiana vs USC,louisiana,usc,0.03,4691.03,2026-09-12,2026-09-15T03:00:00+00:00,https://kalshi.com/markets/kxncaafgame/kxncaafgame-26sep12ullusc
kalshi,KXNCAAFGAME-26SEP13NMSUHAW-HAW,KXNCAAFGAME-26SEP13NMSUHAW,New Mexico St. vs Hawai'i,hawai i,new mexico state,0.72,13639.67,2026-09-13,2026-09-15T04:00:00+00:00,https://kalshi.com/markets/kxncaafgame/kxncaafgame-26sep13nmsuhaw
kalshi,KXNCAAFGAME-26SEP13NMSUHAW-NMSU,KXNCAAFGAME-26SEP13NMSUHAW,New Mexico St. vs Hawai'i,new mexico state,hawai i,0.28,19686.24,2026-09-13,2026-09-15T04:00:00+00:00,https://kalshi.com/markets/kxncaafgame/kxncaafgame-26sep13nmsuhaw
kalshi,KXNCAAFGAME-26SEP17SYRPITT-PITT,KXNCAAFGAME-26SEP17SYRPITT,Syracuse vs Pittsburgh,pittsburgh,syracuse,0.76,359.24,2026-09-17,2026-09-19T23:30:00+00:00,https://kalshi.com/markets/kxncaafgame/kxncaafgame-26sep17syrpitt
kalshi,KXNCAAFGAME-26SEP17SYRPITT-SYR,KXNCAAFGAME-26SEP17SYRPITT,Syracuse vs Pittsburgh,syracuse,pittsburgh,0.29,159.16,2026-09-17,2026-09-19T23:30:00+00:00,https://kalshi.com/markets/kxncaafgame/kxncaafgame-26sep17syrpitt
kalshi,KXNCAAFGAME-26SEP18MIAWAKE-WAKE,KXNCAAFGAME-26SEP18MIAWAKE,Miami (FL) vs Wake Forest,wake forest,miami fl,0.1,300.99,2026-09-18,2026-09-20T23:30:00+00:00,https://kalshi.com/markets/kxncaafgame/kxncaafgame-26sep18miawake
kalshi,KXNCAAFGAME-26SEP18MIAWAKE-MIA,KXNCAAFGAME-26SEP18MIAWAKE,Miami (FL) vs Wake Forest,miami fl,wake forest,0.93,1217.44,2026-09-18,2026-09-20T23:30:00+00:00,https://kalshi.com/markets/kxncaafgame/kxncaafgame-26sep18miawake
kalshi,KXNCAAFGAME-26SEP18HOUTTU-TTU,KXNCAAFGAME-26SEP18HOUTTU,Houston vs Texas Tech,texas tech,houston,0.81,4999.46,2026-09-18,2026-09-21T00:00:00+00:00,https://kalshi.com/markets/kxncaafgame/kxncaafgame-26sep18houttu
kalshi,KXNCAAFGAME-26SEP18HOUTTU-HOU,KXNCAAFGAME-26SEP18HOUTTU,Houston vs Texas Tech,houston,texas tech,0.21,8314.27,2026-09-18,2026-09-21T00:00:00+00:00,https://kalshi.com/markets/kxncaafgame/kxncaafgame-26sep18houttu
kalshi,KXNCAAFGAME-26SEP18PRSTORE-ORE,KXNCAAFGAME-26SEP18PRSTORE,Portland St. vs Oregon,oregon,portland state,1.0,24455.87,2026-09-18,2026-09-21T02:30:00+00:00,https://kalshi.com/markets/kxncaafgame/kxncaafgame-26sep18prstore
kalshi,KXNCAAFGAME-26SEP18PRSTORE-PRST,KXNCAAFGAME-26SEP18PRSTORE,Portland St. vs Oregon,portland state,oregon,0.01,18961.8,2026-09-18,2026-09-21T02:30:00+00:00,https://kalshi.com/markets/kxncaafgame/kxncaafgame-26sep18prstore
kalshi,KXNCAAFGAME-26SEP19CCARDEL-DEL,KXNCAAFGAME-26SEP19CCARDEL,Coastal Carolina vs Delaware,delaware,coastal carolina,0.65,5.12,2026-09-19,2026-09-21T15:30:00+00:00,https://kalshi.com/markets/kxncaafgame/kxncaafgame-26sep19ccardel
kalshi,KXNCAAFGAME-26SEP19CCARDEL-CCAR,KXNCAAFGAME-26SEP19CCARDEL,Coastal Carolina vs Delaware,coastal carolina,delaware,0.47,3011.74,2026-09-19,2026-09-21T15:30:00+00:00,https://kalshi.com/markets/kxncaafgame/kxncaafgame-26sep19ccardel
kalshi,KXNCAAFGAME-26SEP19AKRMINN-MINN,KXNCAAFGAME-26SEP19AKRMINN,Akron vs Minnesota,minnesota,akron,0.95,851.23,2026-09-19,2026-09-21T16:00:00+00:00,https://kalshi.com/markets/kxncaafgame/kxncaafgame-26sep19akrminn
kalshi,KXNCAAFGAME-26SEP19AKRMINN-AKR,KXNCAAFGAME-26SEP19AKRMINN,Akron vs Minnesota,akron,minnesota,0.12,395.76,2026-09-19,2026-09-21T16:00:00+00:00,https://kalshi.com/markets/kxncaafgame/kxncaafgame-26sep19akrminn
kalshi,KXNCAAFGAME-26SEP19ASUKU-KU,KXNCAAFGAME-26SEP19ASUKU,Arizona St. vs Kansas,kansas,arizona state,0.49,0.0,2026-09-19,2026-09-21T16:00:00+00:00,https://kalshi.com/markets/kxncaafgame/kxncaafgame-26sep19asuku
kalshi,KXNCAAFGAME-26SEP19ASUKU-ASU,KXNCAAFGAME-26SEP19ASUKU,Arizona St. vs Kansas,arizona state,kansas,0.76,14.9,2026-09-19,2026-09-21T16:00:00+00:00,https://kalshi.com/markets/kxncaafgame/kxncaafgame-26sep19asuku
kalshi,KXNCAAFGAME-26SEP19BGSUISU-ISU,KXNCAAFGAME-26SEP19BGSUISU,Bowling Green vs Iowa St.,iowa state,bowling green,0.9,133.11,2026-09-19,2026-09-21T16:00:00+00:00,https://kalshi.com/markets/kxncaafgame/kxncaafgame-26sep19bgsuisu
kalshi,KXNCAAFGAME-26SEP19BGSUISU-BGSU,KXNCAAFGAME-26SEP19BGSUISU,Bowling Green vs Iowa St.,bowling green,iowa state,0.22,9.41,2026-09-19,2026-09-21T16:00:00+00:00,https://kalshi.com/markets/kxncaafgame/kxncaafgame-26sep19bgsuisu
kalshi,KXNCAAFGAME-26SEP19BRWNNHC-NHC,KXNCAAFGAME-26SEP19BRWNNHC,Brown vs New Haven,new haven,brown,0.38,11.47,2026-09-19,2026-09-21T16:00:00+00:00,https://kalshi.com/markets/kxncaafgame/kxncaafgame-26sep19brwnnhc
kalshi,KXNCAAFGAME-26SEP19BRWNNHC-BRWN,KXNCAAFGAME-26SEP19BRWNNHC,Brown vs New Haven,brown,new haven,0.72,109.43,2026-09-19,2026-09-21T16:00:00+00:00,https://kalshi.com/markets/kxncaafgame/kxncaafgame-26sep19brwnnhc
kalshi,KXNCAAFGAME-26SEP19BUFFPSU-PSU,KXNCAAFGAME-26SEP19BUFFPSU,Buffalo vs Penn St.,penn state,buffalo,0.98,6351.01,2026-09-19,2026-09-21T16:00:00+00:00,https://kalshi.com/markets/kxncaafgame/kxncaafgame-26sep19buffpsu
kalshi,KXNCAAFGAME-26SEP19BUFFPSU-BUFF,KXNCAAFGAME-26SEP19BUFFPSU,Buffalo vs Penn St.,buffalo,penn state,0.03,1827.77,2026-09-19,2026-09-21T16:00:00+00:00,https://kalshi.com/markets/kxncaafgame/kxncaafgame-26sep19buffpsu
kalshi,KXNCAAFGAME-26SEP19DARTLEH-LEH,KXNCAAFGAME-26SEP19DARTLEH,Dartmouth vs Lehigh,lehigh,dartmouth,0.74,30.62,2026-09-19,2026-09-21T16:00:00+00:00,https://kalshi.com/markets/kxncaafgame/kxncaafgame-26sep19dartleh
kalshi,KXNCAAFGAME-26SEP19DARTLEH-DART,KXNCAAFGAME-26SEP19DARTLEH,Dartmouth vs Lehigh,dartmouth,lehigh,0.4,78.99,2026-09-19,2026-09-21T16:00:00+00:00,https://kalshi.com/markets/kxncaafgame/kxncaafgame-26sep19dartleh
kalshi,KXNCAAFGAME-26SEP19KENTOSU-OSU,KXNCAAFGAME-26SEP19KENTOSU,Kent St. vs Ohio St.,ohio state,kent state,1.0,19983.56,2026-09-19,2026-09-21T16:00:00+00:00,https://kalshi.com/markets/kxncaafgame/kxncaafgame-26sep19kentosu
kalshi,KXNCAAFGAME-26SEP19KENTOSU-KENT,KXNCAAFGAME-26SEP19KENTOSU,Kent St. vs Ohio St.,kent state,ohio state,0.01,22567.07,2026-09-19,2026-09-21T16:00:00+00:00,https://kalshi.com/markets/kxncaafgame/kxncaafgame-26sep19kentosu
kalshi,KXNCAAFGAME-26SEP19LAFCLMB-CLMB,KXNCAAFGAME-26SEP19LAFCLMB,Lafayette vs Columbia,columbia,lafayette,0.7,52.0,2026-09-19,2026-09-21T16:00:00+00:00,https://kalshi.com/markets/kxncaafgame/kxncaafgame-26sep19lafclmb
kalshi,KXNCAAFGAME-26SEP19LAFCLMB-LAF,KXNCAAFGAME-26SEP19LAFCLMB,Lafayette vs Columbia,lafayette,columbia,0.71,125.12,2026-09-19,2026-09-21T16:00:00+00:00,https://kalshi.com/markets/kxncaafgame/kxncaafgame-26sep19lafclmb
kalshi,KXNCAAFGAME-26SEP19MERGT-GT,KXNCAAFGAME-26SEP19MERGT,Mercer vs Georgia Tech,georgia tech,mercer,0.92,624.41,2026-09-19,2026-09-21T16:00:00+00:00,https://kalshi.com/markets/kxncaafgame/kxncaafgame-26sep19mergt
kalshi,KXNCAAFGAME-26SEP19MERGT-MER,KXNCAAFGAME-26SEP19MERGT,Mercer vs Georgia Tech,mercer,georgia tech,0.19,698.45,2026-09-19,2026-09-21T16:00:00+00:00,https://kalshi.com/markets/kxncaafgame/kxncaafgame-26sep19mergt
kalshi,KXNCAAFGAME-26SEP19TULNKSU-KSU,KXNCAAFGAME-26SEP19TULNKSU,Tulane vs Kansas St.,kansas state,tulane,0.87,462.64,2026-09-19,2026-09-21T16:00:00+00:00,https://kalshi.com/markets/kxncaafgame/kxncaafgame-26sep19tulnksu
kalshi,KXNCAAFGAME-26SEP19TULNKSU-TULN,KXNCAAFGAME-26SEP19TULNKSU,Tulane vs Kansas St.,tulane,kansas state,0.32,103.45,2026-09-19,2026-09-21T16:00:00+00:00,https://kalshi.com/markets/kxncaafgame/kxncaafgame-26sep19tulnksu
kalshi,KXNCAAFGAME-26SEP19UGAARK-ARK,KXNCAAFGAME-26SEP19UGAARK,Georgia vs Arkansas,arkansas,georgia,0.13,1141.75,2026-09-19,2026-09-21T16:00:00+00:00,https://kalshi.com/markets/kxncaafgame/kxncaafgame-26sep19ugaark
kalshi,KXNCAAFGAME-26SEP19UGAARK-UGA,KXNCAAFGAME-26SEP19UGAARK,Georgia vs Arkansas,georgia,arkansas,0.9,3015.97,2026-09-19,2026-09-21T16:00:00+00:00,https://kalshi.com/markets/kxncaafgame/kxncaafgame-26sep19ugaark
kalshi,KXNCAAFGAME-26SEP19UNCCLEM-CLEM,KXNCAAFGAME-26SEP19UNCCLEM,North Carolina vs Clemson,clemson,north carolina,0.81,16281.42,2026-09-19,2026-09-21T16:00:00+00:00,https://kalshi.com/markets/kxncaafgame/kxncaafgame-26sep19uncclem
kalshi,KXNCAAFGAME-26SEP19UNCCLEM-UNC,KXNCAAFGAME-26SEP19UNCCLEM,North Carolina vs Clemson,north carolina,clemson,0.22,5225.72,2026-09-19,2026-09-21T16:00:00+00:00,https://kalshi.com/markets/kxncaafgame/kxncaafgame-26sep19uncclem
kalshi,KXNCAAFGAME-26SEP19UNTTXST-TXST,KXNCAAFGAME-26SEP19UNTTXST,North Texas vs Texas St.,texas state,north texas,0.77,1.39,2026-09-19,2026-09-21T16:00:00+00:00,https://kalshi.com/markets/kxncaafgame/kxncaafgame-26sep19unttxst
kalshi,KXNCAAFGAME-26SEP19UNTTXST-UNT,KXNCAAFGAME-26SEP19UNTTXST,North Texas vs Texas St.,north texas,texas state,0.57,5.12,2026-09-19,2026-09-21T16:00:00+00:00,https://kalshi.com/markets/kxncaafgame/kxncaafgame-26sep19unttxst
kalshi,KXNCAAFGAME-26SEP19UWGAETSU-ETSU,KXNCAAFGAME-26SEP19UWGAETSU,West Georgia vs East Tennessee St.,east tennessee state,west georgia,0.75,0.0,2026-09-19,2026-09-21T16:00:00+00:00,https://kalshi.com/markets/kxncaafgame/kxncaafgame-26sep19uwgaetsu
kalshi,KXNCAAFGAME-26SEP19UWGAETSU-UWGA,KXNCAAFGAME-26SEP19UWGAETSU,West Georgia vs East Tennessee St.,west georgia,east tennessee state,0.59,0.0,2026-09-19,2026-09-21T16:00:00+00:00,https://kalshi.com/markets/kxncaafgame/kxncaafgame-26sep19uwgaetsu
kalshi,KXNCAAFGAME-26SEP19VILLLIU-LIU,KXNCAAFGAME-26SEP19VILLLIU,Villanova vs LIU,liu,villanova,0.18,14.46,2026-09-19,2026-09-21T16:00:00+00:00,https://kalshi.com/markets/kxncaafgame/kxncaafgame-26sep19villliu
kalshi,KXNCAAFGAME-26SEP19VILLLIU-VILL,KXNCAAFGAME-26SEP19VILLLIU,Villanova vs LIU,villanova,liu,0.9,217.59,2026-09-19,2026-09-21T16:00:00+00:00,https://kalshi.com/markets/kxncaafgame/kxncaafgame-26sep19villliu
kalshi,KXNCAAFGAME-26SEP19EMUWIS-WIS,KXNCAAFGAME-26SEP19EMUWIS,Eastern Michigan vs Wisconsin,wisconsin,eastern michigan,0.92,1283.98,2026-09-19,2026-09-21T16:30:00+00:00,https://kalshi.com/markets/kxncaafgame/kxncaafgame-26sep19emuwis
kalshi,KXNCAAFGAME-26SEP19EMUWIS-EMU,KXNCAAFGAME-26SEP19EMUWIS,Eastern Michigan vs Wisconsin,eastern michigan,wisconsin,0.14,331.54,2026-09-19,2026-09-21T16:30:00+00:00,https://kalshi.com/markets/kxncaafgame/kxncaafgame-26sep19emuwis
kalshi,KXNCAAFGAME-26SEP19NCSTVAN-VAN,KXNCAAFGAME-26SEP19NCSTVAN,NC St. vs Vanderbilt,vanderbilt,north carolina state,0.85,132.46,2026-09-19,2026-09-21T16:45:00+00:00,https://kalshi.com/markets/kxncaafgame/kxncaafgame-26sep19ncstvan
kalshi,KXNCAAFGAME-26SEP19NCSTVAN-NCST,KXNCAAFGAME-26SEP19NCSTVAN,NC St. vs Vanderbilt,north carolina state,vanderbilt,0.37,50.48,2026-09-19,2026-09-21T16:45:00+00:00,https://kalshi.com/markets/kxncaafgame/kxncaafgame-26sep19ncstvan
kalshi,KXNCAAFGAME-26SEP19CHSBUT-BUT,KXNCAAFGAME-26SEP19CHSBUT,Chicago St. vs Butler,butler,chicago state,0.91,782.23,2026-09-19,2026-09-21T17:00:00+00:00,https://kalshi.com/markets/kxncaafgame/kxncaafgame-26sep19chsbut
kalshi,KXNCAAFGAME-26SEP19CHSBUT-CHS,KXNCAAFGAME-26SEP19CHSBUT,Chicago St. vs Butler,chicago state,butler,0.19,182.26,2026-09-19,2026-09-21T17:00:00+00:00,https://kalshi.com/markets/kxncaafgame/kxncaafgame-26sep19chsbut
kalshi,KXNCAAFGAME-26SEP19CORCOLG-COLG,KXNCAAFGAME-26SEP19CORCOLG,Cornell vs Colgate,colgate,cornell,0.64,0.0,2026-09-19,2026-09-21T17:00:00+00:00,https://kalshi.com/markets/kxncaafgame/kxncaafgame-26sep19corcolg
kalshi,KXNCAAFGAME-26SEP19CORCOLG-COR,KXNCAAFGAME-26SEP19CORCOLG,Cornell vs Colgate,cornell,colgate,0.65,0.0,2026-09-19,2026-09-21T17:00:00+00:00,https://kalshi.com/markets/kxncaafgame/kxncaafgame-26sep19corcolg
kalshi,KXNCAAFGAME-26SEP19HARVUNH-UNH,KXNCAAFGAME-26SEP19HARVUNH,Harvard vs New Hampshire,new hampshire,harvard,0.31,163.94,2026-09-19,2026-09-21T17:00:00+00:00,https://kalshi.com/markets/kxncaafgame/kxncaafgame-26sep19harvunh
kalshi,KXNCAAFGAME-26SEP19HARVUNH-HARV,KXNCAAFGAME-26SEP19HARVUNH,Harvard vs New Hampshire,harvard,new hampshire,0.79,244.54,2026-09-19,2026-09-21T17:00:00+00:00,https://kalshi.com/markets/kxncaafgame/kxncaafgame-26sep19harvunh
kalshi,KXNCAAFGAME-26SEP19PRINBRY-BRY,KXNCAAFGAME-26SEP19PRINBRY,Princeton vs Bryant,bryant,princeton,0.45,1.0,2026-09-19,2026-09-21T17:00:00+00:00,https://kalshi.com/markets/kxncaafgame/kxncaafgame-26sep19prinbry
kalshi,KXNCAAFGAME-26SEP19PRINBRY-PRIN,KXNCAAFGAME-26SEP19PRINBRY,Princeton vs Bryant,princeton,bryant,0.73,65.04,2026-09-19,2026-09-21T17:00:00+00:00,https://kalshi.com/markets/kxncaafgame/kxncaafgame-26sep19prinbry
kalshi,KXNCAAFGAME-26SEP19VALPINST-INST,KXNCAAFGAME-26SEP19VALPINST,Valparaiso vs Indiana St.,indiana state,valparaiso,0.75,2.22,2026-09-19,2026-09-21T17:00:00+00:00,https://kalshi.com/markets/kxncaafgame/kxncaafgame-26sep19valpinst
kalshi,KXNCAAFGAME-26SEP19VALPINST-VALP,KXNCAAFGAME-26SEP19VALPINST,Valparaiso vs Indiana St.,valparaiso,indiana state,0.55,0.0,2026-09-19,2026-09-21T17:00:00+00:00,https://kalshi.com/markets/kxncaafgame/kxncaafgame-26sep19valpinst
kalshi,KXNCAAFGAME-26SEP19VMIDAV-DAV,KXNCAAFGAME-26SEP19VMIDAV,VMI vs Davidson,davidson,vmi,0.58,2.0,2026-09-19,2026-09-21T17:00:00+00:00,https://kalshi.com/markets/kxncaafgame/kxncaafgame-26sep19vmidav
kalshi,KXNCAAFGAME-26SEP19VMIDAV-VMI,KXNCAAFGAME-26SEP19VMIDAV,VMI vs Davidson,vmi,davidson,0.62,2.0,2026-09-19,2026-09-21T17:00:00+00:00,https://kalshi.com/markets/kxncaafgame/kxncaafgame-26sep19vmidav
kalshi,KXNCAAFGAME-26SEP19WYOCMU-CMU,KXNCAAFGAME-26SEP19WYOCMU,Wyoming vs Central Michigan,central michigan,wyoming,0.58,2.0,2026-09-19,2026-09-21T17:00:00+00:00,https://kalshi.com/markets/kxncaafgame/kxncaafgame-26sep19wyocmu
kalshi,KXNCAAFGAME-26SEP19WYOCMU-WYO,KXNCAAFGAME-26SEP19WYOCMU,Wyoming vs Central Michigan,wyoming,central michigan,0.59,0.17,2026-09-19,2026-09-21T17:00:00+00:00,https://kalshi.com/markets/kxncaafgame/kxncaafgame-26sep19wyocmu
kalshi,KXNCAAFGAME-26SEP19MEBC-BC,KXNCAAFGAME-26SEP19MEBC,Maine vs Boston College,boston college,maine,0.95,1295.14,2026-09-19,2026-09-21T18:00:00+00:00,https://kalshi.com/markets/kxncaafgame/kxncaafgame-26sep19mebc
kalshi,KXNCAAFGAME-26SEP19MEBC-ME,KXNCAAFGAME-26SEP19MEBC,Maine vs Boston College,maine,boston college,0.19,401.0,2026-09-19,2026-09-21T18:00:00+00:00,https://kalshi.com/markets/kxncaafgame/kxncaafgame-26sep19mebc
kalshi,KXNCAAFGAME-26SEP19SIUILL-ILL,KXNCAAFGAME-26SEP19SIUILL,Southern Illinois vs Illinois,illinois,southern illinois,0.96,3787.29,2026-09-19,2026-09-21T18:00:00+00:00,https://kalshi.com/markets/kxncaafgame/kxncaafgame-26sep19siuill
kalshi,KXNCAAFGAME-26SEP19SIUILL-SIU,KXNCAAFGAME-26SEP19SIUILL,Southern Illinois vs Illinois,southern illinois,illinois,0.1,1349.86,2026-09-19,2026-09-21T18:00:00+00:00,https://kalshi.com/markets/kxncaafgame/kxncaafgame-26sep19siuill
kalshi,KXNCAAFGAME-26SEP19SUUUST-UST,KXNCAAFGAME-26SEP19SUUUST,Southern Utah vs St. Thomas,state thomas,southern utah,0.51,2.0,2026-09-19,2026-09-21T18:00:00+00:00,https://kalshi.com/markets/kxncaafgame/kxncaafgame-26sep19suuust
kalshi,KXNCAAFGAME-26SEP19SUUUST-SUU,KXNCAAFGAME-26SEP19SUUUST,Southern Utah vs St. Thomas,southern utah,state thomas,0.75,4.0,2026-09-19,2026-09-21T18:00:00+00:00,https://kalshi.com/markets/kxncaafgame/kxncaafgame-26sep19suuust
kalshi,KXNCAAFGAME-26SEP19YALEHC-HC,KXNCAAFGAME-26SEP19YALEHC,Yale vs Holy Cross,holy cross,yale,0.48,1.0,2026-09-19,2026-09-21T18:00:00+00:00,https://kalshi.com/markets/kxncaafgame/kxncaafgame-26sep19yalehc
kalshi,KXNCAAFGAME-26SEP19YALEHC-YALE,KXNCAAFGAME-26SEP19YALEHC,Yale vs Holy Cross,yale,holy cross,0.82,15.52,2026-09-19,2026-09-21T18:00:00+00:00,https://kalshi.com/markets/kxncaafgame/kxncaafgame-26sep19yalehc
kalshi,KXNCAAFGAME-26SEP19PREWCU-WCU,KXNCAAFGAME-26SEP19PREWCU,Presbyterian vs Western Carolina,western carolina,presbyterian,0.92,1769.1,2026-09-19,2026-09-21T18:30:00+00:00,https://kalshi.com/markets/kxncaafgame/kxncaafgame-26sep19prewcu
kalshi,KXNCAAFGAME-26SEP19PREWCU-PRE,KXNCAAFGAME-26SEP19PREWCU,Presbyterian vs Western Carolina,presbyterian,western carolina,0.12,1969.0,2026-09-19,2026-09-21T18:30:00+00:00,https://kalshi.com/markets/kxncaafgame/kxncaafgame-26sep19prewcu
kalshi,KXNCAAFGAME-26SEP19URISTON-STON,KXNCAAFGAME-26SEP19URISTON,Rhode Island vs Stony Brook,stony brook,rhode island,0.66,2.0,2026-09-19,2026-09-21T18:30:00+00:00,https://kalshi.com/markets/kxncaafgame/kxncaafgame-26sep19uriston
kalshi,KXNCAAFGAME-26SEP19URISTON-URI,KXNCAAFGAME-26SEP19URISTON,Rhode Island vs Stony Brook,rhode island,stony brook,0.66,5.11,2026-09-19,2026-09-21T18:30:00+00:00,https://kalshi.com/markets/kxncaafgame/kxncaafgame-26sep19uriston
kalshi,KXNCAAFGAME-26SEP19CCSUMTST-MTST,KXNCAAFGAME-26SEP19CCSUMTST,Central Connecticut St. vs Montana St.,montana state,central connecticut state,0.98,13771.29,2026-09-19,2026-09-21T19:00:00+00:00,https://kalshi.com/markets/kxncaafgame/kxncaafgame-26sep19ccsumtst
kalshi,KXNCAAFGAME-26SEP19CCSUMTST-CCSU,KXNCAAFGAME-26SEP19CCSUMTST,Central Connecticut St. vs Montana St.,central connecticut state,montana state,0.04,4355.9,2026-09-19,2026-09-21T19:00:00+00:00,https://kalshi.com/markets/kxncaafgame/kxncaafgame-26sep19ccsumtst
kalshi,KXNCAAFGAME-26SEP19EIUILST-ILST,KXNCAAFGAME-26SEP19EIUILST,Eastern Illinois vs Illinois St.,illinois state,eastern illinois,0.92,444.27,2026-09-19,2026-09-21T19:00:00+00:00,https://kalshi.com/markets/kxncaafgame/kxncaafgame-26sep19eiuilst
kalshi,KXNCAAFGAME-26SEP19EIUILST-EIU,KXNCAAFGAME-26SEP19EIUILST,Eastern Illinois vs Illinois St.,eastern illinois,illinois state,0.21,0.17,2026-09-19,2026-09-21T19:00:00+00:00,https://kalshi.com/markets/kxncaafgame/kxncaafgame-26sep19eiuilst
kalshi,KXNCAAFGAME-26SEP19PENNBUCK-BUCK,KXNCAAFGAME-26SEP19PENNBUCK,Penn vs Bucknell,bucknell,penn,0.57,6.0,2026-09-19,2026-09-21T19:00:00+00:00,https://kalshi.com/markets/kxncaafgame/kxncaafgame-26sep19pennbuck
kalshi,KXNCAAFGAME-26SEP19PENNBUCK-PENN,KXNCAAFGAME-26SEP19PENNBUCK,Penn vs Bucknell,penn,bucknell,0.8,19.68,2026-09-19,2026-09-21T19:00:00+00:00,https://kalshi.com/markets/kxncaafgame/kxncaafgame-26sep19pennbuck
kalshi,KXNCAAFGAME-26SEP19TEMTOL-TOL,KXNCAAFGAME-26SEP19TEMTOL,Temple vs Toledo,toledo,temple,0.79,0.0,2026-09-19,2026-09-21T19:00:00+00:00,https://kalshi.com/markets/kxncaafgame/kxncaafgame-26sep19temtol
kalshi,KXNCAAFGAME-26SEP19TEMTOL-TEM,KXNCAAFGAME-26SEP19TEMTOL,Temple vs Toledo,temple,toledo,0.47,0.0,2026-09-19,2026-09-21T19:00:00+00:00,https://kalshi.com/markets/kxncaafgame/kxncaafgame-26sep19temtol
kalshi,KXNCAAFGAME-26SEP19DUQWSU-WSU,KXNCAAFGAME-26SEP19DUQWSU,Duquesne vs Washington St.,washington state,duquesne,0.95,1312.25,2026-09-19,2026-09-21T19:30:00+00:00,https://kalshi.com/markets/kxncaafgame/kxncaafgame-26sep19duqwsu
kalshi,KXNCAAFGAME-26SEP19DUQWSU-DUQ,KXNCAAFGAME-26SEP19DUQWSU,Duquesne vs Washington St.,duquesne,washington state,0.12,300.15,2026-09-19,2026-09-21T19:30:00+00:00,https://kalshi.com/markets/kxncaafgame/kxncaafgame-26sep19duqwsu
kalshi,KXNCAAFGAME-26SEP19FSUALA-ALA,KXNCAAFGAME-26SEP19FSUALA,Florida St. vs Alabama,alabama,florida state,0.89,1061.87,2026-09-19,2026-09-21T19:30:00+00:00,https://kalshi.com/markets/kxncaafgame/kxncaafgame-26sep19fsuala
kalshi,KXNCAAFGAME-26SEP19FSUALA-FSU,KXNCAAFGAME-26SEP19FSUALA,Florida St. vs Alabama,florida state,alabama,0.13,1457.07,2026-09-19,2026-09-21T19:30:00+00:00,https://kalshi.com/markets/kxncaafgame/kxncaafgame-26sep19fsuala
kalshi,KXNCAAFGAME-26SEP19GTWNRICH-RICH,KXNCAAFGAME-26SEP19GTWNRICH,Georgetown vs Richmond,richmond,georgetown,0.88,138.11,2026-09-19,2026-09-21T19:30:00+00:00,https://kalshi.com/markets/kxncaafgame/kxncaafgame-26sep19gtwnrich
kalshi,KXNCAAFGAME-26SEP19GTWNRICH-GTWN,KXNCAAFGAME-26SEP19GTWNRICH,Georgetown vs Richmond,georgetown,richmond,0.2,24.15,2026-09-19,2026-09-21T19:30:00+00:00,https://kalshi.com/markets/kxncaafgame/kxncaafgame-26sep19gtwnrich
kalshi,KXNCAAFGAME-26SEP19MOHCIN-CIN,KXNCAAFGAME-26SEP19MOHCIN,Miami (OH) vs Cincinnati,cincinnati,miami oh,0.9,160.49,2026-09-19,2026-09-21T19:30:00+00:00,https://kalshi.com/markets/kxncaafgame/kxncaafgame-26sep19mohcin
kalshi,KXNCAAFGAME-26SEP19MOHCIN-MOH,KXNCAAFGAME-26SEP19MOHCIN,Miami (OH) vs Cincinnati,miami oh,cincinnati,0.19,2.16,2026-09-19,2026-09-21T19:30:00+00:00,https://kalshi.com/markets/kxncaafgame/kxncaafgame-26sep19mohcin
kalshi,KXNCAAFGAME-26SEP19MONMALBY-ALBY,KXNCAAFGAME-26SEP19MONMALBY,Monmouth vs University at Albany,albany,monmouth,0.54,0.0,2026-09-19,2026-09-21T19:30:00+00:00,https://kalshi.com/markets/kxncaafgame/kxncaafgame-26sep19monmalby
kalshi,KXNCAAFGAME-26SEP19MONMALBY-MONM,KXNCAAFGAME-26SEP19MONMALBY,Monmouth vs University at Albany,monmouth,albany,0.84,0.0,2026-09-19,2026-09-21T19:30:00+00:00,https://kalshi.com/markets/kxncaafgame/kxncaafgame-26sep19monmalby
kalshi,KXNCAAFGAME-26SEP19SMULOU-LOU,KXNCAAFGAME-26SEP19SMULOU,SMU vs Louisville,louisville,smu,0.57,132.75,2026-09-19,2026-09-21T19:30:00+00:00,https://kalshi.com/markets/kxncaafgame/kxncaafgame-26sep19smulou
kalshi,KXNCAAFGAME-26SEP19SMULOU-SMU,KXNCAAFGAME-26SEP19SMULOU,SMU vs Louisville,smu,louisville,0.48,458.77,2026-09-19,2026-09-21T19:30:00+00:00,https://kalshi.com/markets/kxncaafgame/kxncaafgame-26sep19smulou
kalshi,KXNCAAFGAME-26SEP19STNHMASS-MASS,KXNCAAFGAME-26SEP19STNHMASS,Stonehill vs UMass,umass,stonehill,0.89,145.42,2026-09-19,2026-09-21T19:30:00+00:00,https://kalshi.com/markets/kxncaafgame/kxncaafgame-26sep19stnhmass
kalshi,KXNCAAFGAME-26SEP19STNHMASS-STNH,KXNCAAFGAME-26SEP19STNHMASS,Stonehill vs UMass,stonehill,umass,0.23,61.14,2026-09-19,2026-09-21T19:30:00+00:00,https://kalshi.com/markets/kxncaafgame/kxncaafgame-26sep19stnhmass
kalshi,KXNCAAFGAME-26SEP19UKTXAM-TXAM,KXNCAAFGAME-26SEP19UKTXAM,Kentucky vs Texas A&M,texas am,kentucky,0.9,293.62,2026-09-19,2026-09-21T19:30:00+00:00,https://kalshi.com/markets/kxncaafgame/kxncaafgame-26sep19uktxam
kalshi,KXNCAAFGAME-26SEP19UKTXAM-UK,KXNCAAFGAME-26SEP19UKTXAM,Kentucky vs Texas A&M,kentucky,texas am,0.16,177.51,2026-09-19,2026-09-21T19:30:00+00:00,https://kalshi.com/markets/kxncaafgame/kxncaafgame-26sep19uktxam
kalshi,KXNCAAFGAME-26SEP19USCRUTG-RUTG,KXNCAAFGAME-26SEP19USCRUTG,USC vs Rutgers,rutgers,usc,0.17,0.13,2026-09-19,2026-09-21T19:30:00+00:00,https://kalshi.com/markets/kxncaafgame/kxncaafgame-26sep19uscrutg
kalshi,KXNCAAFGAME-26SEP19USCRUTG-USC,KXNCAAFGAME-26SEP19USCRUTG,USC vs Rutgers,usc,rutgers,0.92,626.11,2026-09-19,2026-09-21T19:30:00+00:00,https://kalshi.com/markets/kxncaafgame/kxncaafgame-26sep19uscrutg
kalshi,KXNCAAFGAME-26SEP19USUUTAH-UTAH,KXNCAAFGAME-26SEP19USUUTAH,Utah St. vs Utah,utah,utah state,0.95,959.14,2026-09-19,2026-09-21T19:30:00+00:00,https://kalshi.com/markets/kxncaafgame/kxncaafgame-26sep19usuutah
kalshi,KXNCAAFGAME-26SEP19USUUTAH-USU,KXNCAAFGAME-26SEP19USUUTAH,Utah St. vs Utah,utah state,utah,0.11,301.14,2026-09-19,2026-09-21T19:30:00+00:00,https://kalshi.com/markets/kxncaafgame/kxncaafgame-26sep19usuutah
kalshi,KXNCAAFGAME-26SEP19UTEPMICH-MICH,KXNCAAFGAME-26SEP19UTEPMICH,UTEP vs Michigan,michigan,utep,0.96,904.84,2026-09-19,2026-09-21T19:30:00+00:00,https://kalshi.com/markets/kxncaafgame/kxncaafgame-26sep19utepmich
kalshi,KXNCAAFGAME-26SEP19UTEPMICH-UTEP,KXNCAAFGAME-26SEP19UTEPMICH,UTEP vs Michigan,utep,michigan,0.06,1707.34,2026-09-19,2026-09-21T19:30:00+00:00,https://kalshi.com/markets/kxncaafgame/kxncaafgame-26sep19utepmich
kalshi,KXNCAAFGAME-26SEP19WAGCAL-CAL,KXNCAAFGAME-26SEP19WAGCAL,Wagner vs California,california,wagner,0.99,11496.22,2026-09-19,2026-09-21T19:30:00+00:00,https://kalshi.com/markets/kxncaafgame/kxncaafgame-26sep19wagcal
kalshi,KXNCAAFGAME-26SEP19WAGCAL-WAG,KXNCAAFGAME-26SEP19WAGCAL,Wagner vs California,wagner,california,0.02,16711.84,2026-09-19,2026-09-21T19:30:00+00:00,https://kalshi.com/markets/kxncaafgame/kxncaafgame-26sep19wagcal
kalshi,KXNCAAFGAME-26SEP19ACIDHO-IDHO,KXNCAAFGAME-26SEP19ACIDHO,Abilene Christian vs Idaho,idaho,abilene christian,0.56,0.0,2026-09-19,2026-09-21T20:00:00+00:00,https://kalshi.com/markets/kxncaafgame/kxncaafgame-26sep19acidho
kalshi,KXNCAAFGAME-26SEP19ACIDHO-AC,KXNCAAFGAME-26SEP19ACIDHO,Abilene Christian vs Idaho,abilene christian,idaho,0.72,0.0,2026-09-19,2026-09-21T20:00:00+00:00,https://kalshi.com/markets/kxncaafgame/kxncaafgame-26sep19acidho
kalshi,KXNCAAFGAME-26SEP19BALLLIB-LIB,KXNCAAFGAME-26SEP19BALLLIB,Ball St. vs Liberty,liberty,ball state,0.9,131.11,2026-09-19,2026-09-21T20:00:00+00:00,https://kalshi.com/markets/kxncaafgame/kxncaafgame-26sep19balllib
kalshi,KXNCAAFGAME-26SEP19BALLLIB-BALL,KXNCAAFGAME-26SEP19BALLLIB,Ball St. vs Liberty,ball state,liberty,0.23,0.14,2026-09-19,2026-09-21T20:00:00+00:00,https://kalshi.com/markets/kxncaafgame/kxncaafgame-26sep19balllib
kalshi,KXNCAAFGAME-26SEP19HAMPNORF-NORF,KXNCAAFGAME-26SEP19HAMPNORF,Hampton vs Norfolk St.,norfolk state,hampton,0.76,0.0,2026-09-19,2026-09-21T20:00:00+00:00,https://kalshi.com/markets/kxncaafgame/kxncaafgame-26sep19hampnorf
kalshi,KXNCAAFGAME-26SEP19HAMPNORF-HAMP,KXNCAAFGAME-26SEP19HAMPNORF,Hampton vs Norfolk St.,hampton,norfolk state,0.63,0.0,2026-09-19,2026-09-21T20:00:00+00:00,https://kalshi.com/markets/kxncaafgame/kxncaafgame-26sep19hampnorf
kalshi,KXNCAAFGAME-26SEP19LTBAY-BAY,KXNCAAFGAME-26SEP19LTBAY,Louisiana Tech vs Baylor,baylor,louisiana tech,0.88,35.81,2026-09-19,2026-09-21T20:00:00+00:00,https://kalshi.com/markets/kxncaafgame/kxncaafgame-26sep19ltbay
kalshi,KXNCAAFGAME-26SEP19LTBAY-LT,KXNCAAFGAME-26SEP19LTBAY,Louisiana Tech vs Baylor,louisiana tech,baylor,0.32,0.0,2026-09-19,2026-09-21T20:00:00+00:00,https://kalshi.com/markets/kxncaafgame/kxncaafgame-26sep19ltbay
kalshi,KXNCAAFGAME-26SEP19STANDUKE-DUKE,KXNCAAFGAME-26SEP19STANDUKE,Stanford vs Duke,duke,stanford,0.82,9.44,2026-09-19,2026-09-21T20:00:00+00:00,https://kalshi.com/markets/kxncaafgame/kxncaafgame-26sep19standuke
kalshi,KXNCAAFGAME-26SEP19STANDUKE-STAN,KXNCAAFGAME-26SEP19STANDUKE,Stanford vs Duke,stanford,duke,0.38,58.0,2026-09-19,2026-09-21T20:00:00+00:00,https://kalshi.com/markets/kxncaafgame/kxncaafgame-26sep19standuke
kalshi,KXNCAAFGAME-26SEP19UNIIOWA-IOWA,KXNCAAFGAME-26SEP19UNIIOWA,Northern Iowa vs Iowa,iowa,northern iowa,0.98,11031.59,2026-09-19,2026-09-21T20:00:00+00:00,https://kalshi.com/markets/kxncaafgame/kxncaafgame-26sep19uniiowa
kalshi,KXNCAAFGAME-26SEP19UNIIOWA-UNI,KXNCAAFGAME-26SEP19UNIIOWA,Northern Iowa vs Iowa,northern iowa,iowa,0.04,1639.35,2026-09-19,2026-09-21T20:00:00+00:00,https://kalshi.com/markets/kxncaafgame/kxncaafgame-26sep19uniiowa
kalshi,KXNCAAFGAME-26SEP19WKUIND-IND,KXNCAAFGAME-26SEP19WKUIND,Western Kentucky vs Indiana,indiana,western kentucky,0.99,5314.87,2026-09-19,2026-09-21T20:00:00+00:00,https://kalshi.com/markets/kxncaafgame/kxncaafgame-26sep19wkuind
kalshi,KXNCAAFGAME-26SEP19WKUIND-WKU,KXNCAAFGAME-26SEP19WKUIND,Western Kentucky vs Indiana,western kentucky,indiana,0.03,4987.94,2026-09-19,2026-09-21T20:00:00+00:00,https://kalshi.com/markets/kxncaafgame/kxncaafgame-26sep19wkuind
kalshi,KXNCAAFGAME-26SEP19MSSTSCAR-SCAR,KXNCAAFGAME-26SEP19MSSTSCAR,Mississippi St. vs South Carolina,south carolina,mississippi state,0.7,338.71,2026-09-19,2026-09-21T20:15:00+00:00,https://kalshi.com/markets/kxncaafgame/kxncaafgame-26sep19msstscar
kalshi,KXNCAAFGAME-26SEP19MSSTSCAR-MSST,KXNCAAFGAME-26SEP19MSSTSCAR,Mississippi St. vs South Carolina,mississippi state,south carolina,0.35,365.65,2026-09-19,2026-09-21T20:15:00+00:00,https://kalshi.com/markets/kxncaafgame/kxncaafgame-26sep19msstscar
kalshi,KXNCAAFGAME-26SEP19SELAULM-ULM,KXNCAAFGAME-26SEP19SELAULM,Southeastern Louisiana vs Louisiana-Monroe,louisiana monroe,southeastern louisiana,0.78,0.0,2026-09-19,2026-09-21T20:30:00+00:00,https://kalshi.com/markets/kxncaafgame/kxncaafgame-26sep19selaulm
kalshi,KXNCAAFGAME-26SEP19SELAULM-SELA,KXNCAAFGAME-26SEP19SELAULM,Southeastern Louisiana vs Louisiana-Monroe,southeastern louisiana,louisiana monroe,0.53,3.0,2026-09-19,2026-09-21T20:30:00+00:00,https://kalshi.com/markets/kxncaafgame/kxncaafgame-26sep19selaulm
kalshi,KXNCAAFGAME-26SEP19CHARAPP-APP,KXNCAAFGAME-26SEP19CHARAPP,Charlotte vs Appalachian St.,appalachian state,charlotte,0.93,342.67,2026-09-19,2026-09-21T22:00:00+00:00,https://kalshi.com/markets/kxncaafgame/kxncaafgame-26sep19charapp
kalshi,KXNCAAFGAME-26SEP19CHARAPP-CHAR,KXNCAAFGAME-26SEP19CHARAPP,Charlotte vs Appalachian St.,charlotte,appalachian state,0.29,5.15,2026-09-19,2026-09-21T22:00:00+00:00,https://kalshi.com/markets/kxncaafgame/kxncaafgame-26sep19charapp
kalshi,KXNCAAFGAME-26SEP19DAYEKY-EKY,KXNCAAFGAME-26SEP19DAYEKY,Dayton vs Eastern Kentucky,eastern kentucky,dayton,0.78,50.12,2026-09-19,2026-09-21T22:00:00+00:00,https://kalshi.com/markets/kxncaafgame/kxncaafgame-26sep19dayeky
kalshi,KXNCAAFGAME-26SEP19DAYEKY-DAY,KXNCAAFGAME-26SEP19DAYEKY,Dayton vs Eastern Kentucky,dayton,eastern kentucky,0.6,0.0,2026-09-19,2026-09-21T22:00:00+00:00,https://kalshi.com/markets/kxncaafgame/kxncaafgame-26sep19dayeky
kalshi,KXNCAAFGAME-26SEP19ECUODU-ODU,KXNCAAFGAME-26SEP19ECUODU,East Carolina vs Old Dominion,old dominion,east carolina,0.71,12.46,2026-09-19,2026-09-21T22:00:00+00:00,https://kalshi.com/markets/kxncaafgame/kxncaafgame-26sep19ecuodu
kalshi,KXNCAAFGAME-26SEP19ECUODU-ECU,KXNCAAFGAME-26SEP19ECUODU,East Carolina vs Old Dominion,east carolina,old dominion,0.67,27.75,2026-09-19,2026-09-21T22:00:00+00:00,https://kalshi.com/markets/kxncaafgame/kxncaafgame-26sep19ecuodu
kalshi,KXNCAAFGAME-26SEP19FIUFAU-FAU,KXNCAAFGAME-26SEP19FIUFAU,Florida International vs Florida Atlantic,florida atlantic,fiu,0.63,1.49,2026-09-19,2026-09-21T22:00:00+00:00,https://kalshi.com/markets/kxncaafgame/kxncaafgame-26sep19fiufau
kalshi,KXNCAAFGAME-26SEP19FIUFAU-FIU,KXNCAAFGAME-26SEP19FIUFAU,Florida International vs Florida Atlantic,fiu,florida atlantic,0.59,1.0,2026-09-19,2026-09-21T22:00:00+00:00,https://kalshi.com/markets/kxncaafgame/kxncaafgame-26sep19fiufau
kalshi,KXNCAAFGAME-26SEP19FORWM-WM,KXNCAAFGAME-26SEP19FORWM,Fordham vs William & Mary,william and mary,fordham,0.85,151.11,2026-09-19,2026-09-21T22:00:00+00:00,https://kalshi.com/markets/kxncaafgame/kxncaafgame-26sep19forwm
kalshi,KXNCAAFGAME-26SEP19FORWM-FOR,KXNCAAFGAME-26SEP19FORWM,Fordham vs William & Mary,fordham,william and mary,0.25,8.15,2026-09-19,2026-09-21T22:00:00+00:00,https://kalshi.com/markets/kxncaafgame/kxncaafgame-26sep19forwm
kalshi,KXNCAAFGAME-26SEP19MORGTOWS-TOWS,KXNCAAFGAME-26SEP19MORGTOWS,Morgan St. vs Towson,towson,morgan state,0.7,0.11,2026-09-19,2026-09-21T22:00:00+00:00,https://kalshi.com/markets/kxncaafgame/kxncaafgame-26sep19morgtows
kalshi,KXNCAAFGAME-26SEP19MORGTOWS-MORG,KXNCAAFGAME-26SEP19MORGTOWS,Morgan St. vs Towson,morgan state,towson,0.62,0.0,2026-09-19,2026-09-21T22:00:00+00:00,https://kalshi.com/markets/kxncaafgame/kxncaafgame-26sep19morgtows
kalshi,KXNCAAFGAME-26SEP19NCATCAMP-CAMP,KXNCAAFGAME-26SEP19NCATCAMP,North Carolina A&T vs Campbell,campbell,north carolina a and t,0.9,139.26,2026-09-19,2026-09-21T22:00:00+00:00,https://kalshi.com/markets/kxncaafgame/kxncaafgame-26sep19ncatcamp
kalshi,KXNCAAFGAME-26SEP19NCATCAMP-NCAT,KXNCAAFGAME-26SEP19NCATCAMP,North Carolina A&T vs Campbell,north carolina a and t,campbell,0.38,5.0,2026-09-19,2026-09-21T22:00:00+00:00,https://kalshi.com/markets/kxncaafgame/kxncaafgame-26sep19ncatcamp
kalshi,KXNCAAFGAME-26SEP19NCCUWEBB-WEBB,KXNCAAFGAME-26SEP19NCCUWEBB,North Carolina Central vs Gardner-Webb,gardner webb,north carolina central,0.65,0.0,2026-09-19,2026-09-21T22:00:00+00:00,https://kalshi.com/markets/kxncaafgame/kxncaafgame-26sep19nccuwebb
kalshi,KXNCAAFGAME-26SEP19NCCUWEBB-NCCU,KXNCAAFGAME-26SEP19NCCUWEBB,North Carolina Central vs Gardner-Webb,north carolina central,gardner webb,0.68,0.12,2026-09-19,2026-09-21T22:00:00+00:00,https://kalshi.com/markets/kxncaafgame/kxncaafgame-26sep19nccuwebb
kalshi,KXNCAAFGAME-26SEP19SHUELON-ELON,KXNCAAFGAME-26SEP19SHUELON,Sacred Heart vs Elon,elon,sacred heart,0.69,0.11,2026-09-19,2026-09-21T22:00:00+00:00,https://kalshi.com/markets/kxncaafgame/kxncaafgame-26sep19shuelon
kalshi,KXNCAAFGAME-26SEP19SHUELON-SHU,KXNCAAFGAME-26SEP19SHUELON,Sacred Heart vs Elon,sacred heart,elon,0.59,0.0,2026-09-19,2026-09-21T22:00:00+00:00,https://kalshi.com/markets/kxncaafgame/kxncaafgame-26sep19shuelon
kalshi,KXNCAAFGAME-26SEP19WOFCHAT-CHAT,KXNCAAFGAME-26SEP19WOFCHAT,Wofford vs Chattanooga,chattanooga,wofford,0.55,0.12,2026-09-19,2026-09-21T22:00:00+00:00,https://kalshi.com/markets/kxncaafgame/kxncaafgame-26sep19wofchat
kalshi,KXNCAAFGAME-26SEP19WOFCHAT-WOF,KXNCAAFGAME-26SEP19WOFCHAT,Wofford vs Chattanooga,wofford,chattanooga,0.72,0.0,2026-09-19,2026-09-21T22:00:00+00:00,https://kalshi.com/markets/kxncaafgame/kxncaafgame-26sep19wofchat
kalshi,KXNCAAFGAME-26SEP19MRSHMOSU-MOSU,KXNCAAFGAME-26SEP19MRSHMOSU,Marshall vs Missouri St.,missouri state,marshall,0.49,6.0,2026-09-19,2026-09-21T22:30:00+00:00,https://kalshi.com/markets/kxncaafgame/kxncaafgame-26sep19mrshmosu
kalshi,KXNCAAFGAME-26SEP19MRSHMOSU-MRSH,KXNCAAFGAME-26SEP19MRSHMOSU,Marshall vs Missouri St.,marshall,missouri state,0.71,10.0,2026-09-19,2026-09-21T22:30:00+00:00,https://kalshi.com/markets/kxncaafgame/kxncaafgame-26sep19mrshmosu
kalshi,KXNCAAFGAME-26SEP19ALCNUNA-UNA,KXNCAAFGAME-26SEP19ALCNUNA,Alcorn St. vs North Alabama,north alabama,alcorn state,0.6,0.0,2026-09-19,2026-09-21T23:00:00+00:00,https://kalshi.com/markets/kxncaafgame/kxncaafgame-26sep19alcnuna
kalshi,KXNCAAFGAME-26SEP19ALCNUNA-ALCN,KXNCAAFGAME-26SEP19ALCNUNA,Alcorn St. vs North Alabama,alcorn state,north alabama,0.67,0.0,2026-09-19,2026-09-21T23:00:00+00:00,https://kalshi.com/markets/kxncaafgame/kxncaafgame-26sep19alcnuna
kalshi,KXNCAAFGAME-26SEP19CARKSEMO-SEMO,KXNCAAFGAME-26SEP19CARKSEMO,Central Arkansas vs Southeast Missouri St.,southeast missouri state,central arkansas,0.73,0.0,2026-09-19,2026-09-21T23:00:00+00:00,https://kalshi.com/markets/kxncaafgame/kxncaafgame-26sep19carksemo
kalshi,KXNCAAFGAME-26SEP19CARKSEMO-CARK,KXNCAAFGAME-26SEP19CARKSEMO,Central Arkansas vs Southeast Missouri St.,central arkansas,southeast missouri state,0.63,1.0,2026-09-19,2026-09-21T23:00:00+00:00,https://kalshi.com/markets/kxncaafgame/kxncaafgame-26sep19carksemo
kalshi,KXNCAAFGAME-26SEP19CONNUSM-USM,KXNCAAFGAME-26SEP19CONNUSM,UConn vs Southern Miss,southern miss,uconn,0.51,0.12,2026-09-19,2026-09-21T23:00:00+00:00,https://kalshi.com/markets/kxncaafgame/kxncaafgame-26sep19connusm
kalshi,KXNCAAFGAME-26SEP19CONNUSM-CONN,KXNCAAFGAME-26SEP19CONNUSM,UConn vs Southern Miss,uconn,southern miss,0.56,10.81,2026-09-19,2026-09-21T23:00:00+00:00,https://kalshi.com/markets/kxncaafgame/kxncaafgame-26sep19connusm
kalshi,KXNCAAFGAME-26SEP19DSUUSF-USF,KXNCAAFGAME-26SEP19DSUUSF,Delaware St. vs South Florida,usf,delaware state,0.99,6727.1,2026-09-19,2026-09-21T23:00:00+00:00,https://kalshi.com/markets/kxncaafgame/kxncaafgame-26sep19dsuusf
kalshi,KXNCAAFGAME-26SEP19DSUUSF-DSU,KXNCAAFGAME-26SEP19DSUUSF,Delaware St. vs South Florida,delaware state,usf,0.05,4763.15,2026-09-19,2026-09-21T23:00:00+00:00,https://kalshi.com/markets/kxncaafgame/kxncaafgame-26sep19dsuusf
kalshi,KXNCAAFGAME-26SEP19FLAAUB-AUB,KXNCAAFGAME-26SEP19FLAAUB,Florida vs Auburn,auburn,florida,0.5,3087.63,2026-09-19,2026-09-21T23:00:00+00:00,https://kalshi.com/markets/kxncaafgame/kxncaafgame-26sep19flaaub
kalshi,KXNCAAFGAME-26SEP19FLAAUB-FLA,KXNCAAFGAME-26SEP19FLAAUB,Florida vs Auburn,florida,auburn,0.55,2332.53,2026-09-19,2026-09-21T23:00:00+00:00,https://kalshi.com/markets/kxncaafgame/kxncaafgame-26sep19flaaub
kalshi,KXNCAAFGAME-26SEP19GASOJVST-JVST,KXNCAAFGAME-26SEP19GASOJVST,Georgia Southern vs Jacksonville St.,jacksonville state,georgia southern,0.67,0.0,2026-09-19,2026-09-21T23:00:00+00:00,https://kalshi.com/markets/kxncaafgame/kxncaafgame-26sep19gasojvst
kalshi,KXNCAAFGAME-26SEP19GASOJVST-GASO,KXNCAAFGAME-26SEP19GASOJVST,Georgia Southern vs Jacksonville St.,georgia southern,jacksonville state,0.61,2.4,2026-09-19,2026-09-21T23:00:00+00:00,https://kalshi.com/markets/kxncaafgame/kxncaafgame-26sep19gasojvst
kalshi,KXNCAAFGAME-26SEP19GASTUCF-UCF,KXNCAAFGAME-26SEP19GASTUCF,Georgia St. vs UCF,ucf,georgia state,0.89,269.62,2026-09-19,2026-09-21T23:00:00+00:00,https://kalshi.com/markets/kxncaafgame/kxncaafgame-26sep19gastucf
kalshi,KXNCAAFGAME-26SEP19GASTUCF-GAST,KXNCAAFGAME-26SEP19GASTUCF,Georgia St. vs UCF,georgia state,ucf,0.21,0.17,2026-09-19,2026-09-21T23:00:00+00:00,https://kalshi.com/markets/kxncaafgame/kxncaafgame-26sep19gastucf
kalshi,KXNCAAFGAME-26SEP19HCUIW-IW,KXNCAAFGAME-26SEP19HCUIW,Houston Christian vs Incarnate Word,incarnate word,houston christian,0.73,161.11,2026-09-19,2026-09-21T23:00:00+00:00,https://kalshi.com/markets/kxncaafgame/kxncaafgame-26sep19hcuiw
kalshi,KXNCAAFGAME-26SEP19HCUIW-HCU,KXNCAAFGAME-26SEP19HCUIW,Houston Christian vs Incarnate Word,houston christian,incarnate word,0.44,22.39,2026-09-19,2026-09-21T23:00:00+00:00,https://kalshi.com/markets/kxncaafgame/kxncaafgame-26sep19hcuiw
kalshi,KXNCAAFGAME-26SEP19MOREWIU-WIU,KXNCAAFGAME-26SEP19MOREWIU,Morehead St. vs Western Illinois,western illinois,morehead state,0.65,0.0,2026-09-19,2026-09-21T23:00:00+00:00,https://kalshi.com/markets/kxncaafgame/kxncaafgame-26sep19morewiu
kalshi,KXNCAAFGAME-26SEP19MOREWIU-MORE,KXNCAAFGAME-26SEP19MOREWIU,Morehead St. vs Western Illinois,morehead state,western illinois,0.61,0.0,2026-09-19,2026-09-21T23:00:00+00:00,https://kalshi.com/markets/kxncaafgame/kxncaafgame-26sep19morewiu
kalshi,KXNCAAFGAME-26SEP19MRMKTARL-TARL,KXNCAAFGAME-26SEP19MRMKTARL,Merrimack vs Tarleton St.,tarleton state,merrimack,0.96,1705.1,2026-09-19,2026-09-21T23:00:00+00:00,https://kalshi.com/markets/kxncaafgame/kxncaafgame-26sep19mrmktarl
kalshi,KXNCAAFGAME-26SEP19MRMKTARL-MRMK,KXNCAAFGAME-26SEP19MRMKTARL,Merrimack vs Tarleton St.,merrimack,tarleton state,0.06,631.14,2026-09-19,2026-09-21T23:00:00+00:00,https://kalshi.com/markets/kxncaafgame/kxncaafgame-26sep19mrmktarl
kalshi,KXNCAAFGAME-26SEP19MURROKST-OKST,KXNCAAFGAME-26SEP19MURROKST,Murray St. vs Oklahoma St.,oklahoma state,murray state,0.95,869.1,2026-09-19,2026-09-21T23:00:00+00:00,https://kalshi.com/markets/kxncaafgame/kxncaafgame-26sep19murrokst
kalshi,KXNCAAFGAME-26SEP19MURROKST-MURR,KXNCAAFGAME-26SEP19MURROKST,Murray St. vs Oklahoma St.,murray state,oklahoma state,0.1,1220.68,2026-09-19,2026-09-21T23:00:00+00:00,https://kalshi.com/markets/kxncaafgame/kxncaafgame-26sep19murrokst
kalshi,KXNCAAFGAME-26SEP19NEVMTU-MTU,KXNCAAFGAME-26SEP19NEVMTU,Nevada vs Middle Tennessee,middle tennessee,nevada,0.44,0.0,2026-09-19,2026-09-21T23:00:00+00:00,https://kalshi.com/markets/kxncaafgame/kxncaafgame-26sep19nevmtu
kalshi,KXNCAAFGAME-26SEP19NEVMTU-NEV,KXNCAAFGAME-26SEP19NEVMTU,Nevada vs Middle Tennessee,nevada,middle tennessee,0.85,0.0,2026-09-19,2026-09-21T23:00:00+00:00,https://kalshi.com/markets/kxncaafgame/kxncaafgame-26sep19nevmtu
kalshi,KXNCAAFGAME-26SEP19NICHSHSU-SHSU,KXNCAAFGAME-26SEP19NICHSHSU,Nicholls St. vs Sam Houston,sam houston,nicholls state,0.74,144.11,2026-09-19,2026-09-21T23:00:00+00:00,https://kalshi.com/markets/kxncaafgame/kxncaafgame-26sep19nichshsu
kalshi,KXNCAAFGAME-26SEP19NICHSHSU-NICH,KXNCAAFGAME-26SEP19NICHSHSU,Nicholls St. vs Sam Houston,nicholls state,sam houston,0.41,2.0,2026-09-19,2026-09-21T23:00:00+00:00,https://kalshi.com/markets/kxncaafgame/kxncaafgame-26sep19nichshsu
kalshi,KXNCAAFGAME-26SEP19OHIOUSA-USA,KXNCAAFGAME-26SEP19OHIOUSA,Ohio vs South Alabama,south alabama,ohio,0.75,0.0,2026-09-19,2026-09-21T23:00:00+00:00,https://kalshi.com/markets/kxncaafgame/kxncaafgame-26sep19ohiousa
kalshi,KXNCAAFGAME-26SEP19OHIOUSA-OHIO,KXNCAAFGAME-26SEP19OHIOUSA,Ohio vs South Alabama,ohio,south alabama,0.52,0.0,2026-09-19,2026-09-21T23:00:00+00:00,https://kalshi.com/markets/kxncaafgame/kxncaafgame-26sep19ohiousa
kalshi,KXNCAAFGAME-26SEP19PEAYUWFL-UWFL,KXNCAAFGAME-26SEP19PEAYUWFL,Austin Peay vs West Florida,west florida,austin peay,0.88,16.74,2026-09-19,2026-09-21T23:00:00+00:00,https://kalshi.com/markets/kxncaafgame/kxncaafgame-26sep19peayuwfl
kalshi,KXNCAAFGAME-26SEP19PEAYUWFL-PEAY,KXNCAAFGAME-26SEP19PEAYUWFL,Austin Peay vs West Florida,austin peay,west florida,0.46,2.0,2026-09-19,2026-09-21T23:00:00+00:00,https://kalshi.com/markets/kxncaafgame/kxncaafgame-26sep19peayuwfl
kalshi,KXNCAAFGAME-26SEP19SCSTFUR-FUR,KXNCAAFGAME-26SEP19SCSTFUR,South Carolina St. vs Furman,furman,south carolina state,0.53,2.0,2026-09-19,2026-09-21T23:00:00+00:00,https://kalshi.com/markets/kxncaafgame/kxncaafgame-26sep19scstfur
kalshi,KXNCAAFGAME-26SEP19SCSTFUR-SCST,KXNCAAFGAME-26SEP19SCSTFUR,South Carolina St. vs Furman,south carolina state,furman,0.7,9.2,2026-09-19,2026-09-21T23:00:00+00:00,https://kalshi.com/markets/kxncaafgame/kxncaafgame-26sep19scstfur
kalshi,KXNCAAFGAME-26SEP19TNSTFAMU-FAMU,KXNCAAFGAME-26SEP19TNSTFAMU,Tennessee St. vs Florida A&M,florida am,tennessee state,0.66,1.0,2026-09-19,2026-09-21T23:00:00+00:00,https://kalshi.com/markets/kxncaafgame/kxncaafgame-26sep19tnstfamu
kalshi,KXNCAAFGAME-26SEP19TNSTFAMU-TNST,KXNCAAFGAME-26SEP19TNSTFAMU,Tennessee St. vs Florida A&M,tennessee state,florida am,0.72,0.0,2026-09-19,2026-09-21T23:00:00+00:00,https://kalshi.com/markets/kxncaafgame/kxncaafgame-26sep19tnstfamu
kalshi,KXNCAAFGAME-26SEP19TROYMIZZ-MIZZ,KXNCAAFGAME-26SEP19TROYMIZZ,Troy vs Missouri,missouri,troy,0.95,1282.97,2026-09-19,2026-09-21T23:00:00+00:00,https://kalshi.com/markets/kxncaafgame/kxncaafgame-26sep19troymizz
kalshi,KXNCAAFGAME-26SEP19TROYMIZZ-TROY,KXNCAAFGAME-26SEP19TROYMIZZ,Troy vs Missouri,troy,missouri,0.11,442.28,2026-09-19,2026-09-21T23:00:00+00:00,https://kalshi.com/markets/kxncaafgame/kxncaafgame-26sep19troymizz
kalshi,KXNCAAFGAME-26SEP19UTMMEM-MEM,KXNCAAFGAME-26SEP19UTMMEM,Tennessee-Martin vs Memphis,memphis,tennessee martin,0.97,3720.08,2026-09-19,2026-09-21T23:00:00+00:00,https://kalshi.com/markets/kxncaafgame/kxncaafgame-26sep19utmmem
kalshi,KXNCAAFGAME-26SEP19UTMMEM-UTM,KXNCAAFGAME-26SEP19UTMMEM,Tennessee-Martin vs Memphis,tennessee martin,memphis,0.05,1321.0,2026-09-19,2026-09-21T23:00:00+00:00,https://kalshi.com/markets/kxncaafgame/kxncaafgame-26sep19utmmem
kalshi,KXNCAAFGAME-26SEP19WMURICE-RICE,KXNCAAFGAME-26SEP19WMURICE,Western Michigan vs Rice,rice,western michigan,0.17,5.15,2026-09-19,2026-09-21T23:00:00+00:00,https://kalshi.com/markets/kxncaafgame/kxncaafgame-26sep19wmurice
kalshi,KXNCAAFGAME-26SEP19WMURICE-WMU,KXNCAAFGAME-26SEP19WMURICE,Western Michigan vs Rice,western michigan,rice,0.89,244.19,2026-09-19,2026-09-21T23:00:00+00:00,https://kalshi.com/markets/kxncaafgame/kxncaafgame-26sep19wmurice
kalshi,KXNCAAFGAME-26SEP19YSUSDST-SDST,KXNCAAFGAME-26SEP19YSUSDST,Youngstown St. vs South Dakota St.,south dakota state,youngstown state,0.68,1.13,2026-09-19,2026-09-21T23:00:00+00:00,https://kalshi.com/markets/kxncaafgame/kxncaafgame-26sep19ysusdst
kalshi,KXNCAAFGAME-26SEP19YSUSDST-YSU,KXNCAAFGAME-26SEP19YSUSDST,Youngstown St. vs South Dakota St.,youngstown state,south dakota state,0.61,3.0,2026-09-19,2026-09-21T23:00:00+00:00,https://kalshi.com/markets/kxncaafgame/kxncaafgame-26sep19ysusdst
kalshi,KXNCAAFGAME-26SEP19EWUWASH-WASH,KXNCAAFGAME-26SEP19EWUWASH,Eastern Washington vs Washington,washington,eastern washington,0.98,6460.61,2026-09-19,2026-09-21T23:15:00+00:00,https://kalshi.com/markets/kxncaafgame/kxncaafgame-26sep19ewuwash
kalshi,KXNCAAFGAME-26SEP19EWUWASH-EWU,KXNCAAFGAME-26SEP19EWUWASH,Eastern Washington vs Washington,eastern washington,washington,0.03,5414.3,2026-09-19,2026-09-21T23:15:00+00:00,https://kalshi.com/markets/kxncaafgame/kxncaafgame-26sep19ewuwash
kalshi,KXNCAAFGAME-26SEP19UNDNEB-NEB,KXNCAAFGAME-26SEP19UNDNEB,North Dakota vs Nebraska,nebraska,north dakota,0.88,1065.59,2026-09-19,2026-09-21T23:15:00+00:00,https://kalshi.com/markets/kxncaafgame/kxncaafgame-26sep19undneb
kalshi,KXNCAAFGAME-26SEP19UNDNEB-UND,KXNCAAFGAME-26SEP19UNDNEB,North Dakota vs Nebraska,north dakota,nebraska,0.16,418.89,2026-09-19,2026-09-21T23:15:00+00:00,https://kalshi.com/markets/kxncaafgame/kxncaafgame-26sep19undneb
kalshi,KXNCAAFGAME-26SEP19BYUCSU-CSU,KXNCAAFGAME-26SEP19BYUCSU,BYU vs Colorado St.,colorado state,byu,0.14,125.35,2026-09-19,2026-09-21T23:30:00+00:00,https://kalshi.com/markets/kxncaafgame/kxncaafgame-26sep19byucsu
kalshi,KXNCAAFGAME-26SEP19BYUCSU-BYU,KXNCAAFGAME-26SEP19BYUCSU,BYU vs Colorado St.,byu,colorado state,0.9,793.39,2026-09-19,2026-09-21T23:30:00+00:00,https://kalshi.com/markets/kxncaafgame/kxncaafgame-26sep19byucsu
kalshi,KXNCAAFGAME-26SEP19COLONW-NW,KXNCAAFGAME-26SEP19COLONW,Colorado vs Northwestern,northwestern,colorado,0.65,129.51,2026-09-19,2026-09-21T23:30:00+00:00,https://kalshi.com/markets/kxncaafgame/kxncaafgame-26sep19colonw
kalshi,KXNCAAFGAME-26SEP19COLONW-COLO,KXNCAAFGAME-26SEP19COLONW,Colorado vs Northwestern,colorado,northwestern,0.52,205.25,2026-09-19,2026-09-21T23:30:00+00:00,https://kalshi.com/markets/kxncaafgame/kxncaafgame-26sep19colonw
kalshi,KXNCAAFGAME-26SEP19LSUMISS-MISS,KXNCAAFGAME-26SEP19LSUMISS,LSU vs Ole Miss,mississippi,lsu,0.45,69184.64,2026-09-19,2026-09-21T23:30:00+00:00,https://kalshi.com/markets/kxncaafgame/kxncaafgame-26sep19lsumiss
kalshi,KXNCAAFGAME-26SEP19LSUMISS-LSU,KXNCAAFGAME-26SEP19LSUMISS,LSU vs Ole Miss,lsu,mississippi,0.58,145028.79,2026-09-19,2026-09-21T23:30:00+00:00,https://kalshi.com/markets/kxncaafgame/kxncaafgame-26sep19lsumiss
kalshi,KXNCAAFGAME-26SEP19MSUND-ND,KXNCAAFGAME-26SEP19MSUND,Michigan St. vs Notre Dame,notre dame,michigan state,0.96,5683.62,2026-09-19,2026-09-21T23:30:00+00:00,https://kalshi.com/markets/kxncaafgame/kxncaafgame-26sep19msund
kalshi,KXNCAAFGAME-26SEP19MSUND-MSU,KXNCAAFGAME-26SEP19MSUND,Michigan St. vs Notre Dame,michigan state,notre dame,0.06,14798.41,2026-09-19,2026-09-21T23:30:00+00:00,https://kalshi.com/markets/kxncaafgame/kxncaafgame-26sep19msund
kalshi,KXNCAAFGAME-26SEP19UNMOKLA-OKLA,KXNCAAFGAME-26SEP19UNMOKLA,New Mexico vs Oklahoma,oklahoma,new mexico,0.93,1738.8,2026-09-19,2026-09-21T23:30:00+00:00,https://kalshi.com/markets/kxncaafgame/kxncaafgame-26sep19unmokla
kalshi,KXNCAAFGAME-26SEP19UNMOKLA-UNM,KXNCAAFGAME-26SEP19UNMOKLA,New Mexico vs Oklahoma,new mexico,oklahoma,0.09,439.36,2026-09-19,2026-09-21T23:30:00+00:00,https://kalshi.com/markets/kxncaafgame/kxncaafgame-26sep19unmokla
kalshi,KXNCAAFGAME-26SEP19VTMD-MD,KXNCAAFGAME-26SEP19VTMD,Virginia Tech vs Maryland,maryland,virginia tech,0.5,99.87,2026-09-19,2026-09-21T23:30:00+00:00,https://kalshi.com/markets/kxncaafgame/kxncaafgame-26sep19vtmd
kalshi,KXNCAAFGAME-26SEP19VTMD-VT,KXNCAAFGAME-26SEP19VTMD,Virginia Tech vs Maryland,virginia tech,maryland,0.57,173.33,2026-09-19,2026-09-21T23:30:00+00:00,https://kalshi.com/markets/kxncaafgame/kxncaafgame-26sep19vtmd
kalshi,KXNCAAFGAME-26SEP19WVUUVA-UVA,KXNCAAFGAME-26SEP19WVUUVA,West Virginia vs Virginia,virginia,west virginia,0.75,114.37,2026-09-19,2026-09-21T23:30:00+00:00,https://kalshi.com/markets/kxncaafgame/kxncaafgame-26sep19wvuuva
kalshi,KXNCAAFGAME-26SEP19WVUUVA-WVU,KXNCAAFGAME-26SEP19WVUUVA,West Virginia vs Virginia,west virginia,virginia,0.31,197.69,2026-09-19,2026-09-21T23:30:00+00:00,https://kalshi.com/markets/kxncaafgame/kxncaafgame-26sep19wvuuva
kalshi,KXNCAAFGAME-26SEP19KENNTENN-TENN,KXNCAAFGAME-26SEP19KENNTENN,Kennesaw St. vs Tennessee,tennessee,kennesaw state,0.95,2373.82,2026-09-19,2026-09-21T23:45:00+00:00,https://kalshi.com/markets/kxncaafgame/kxncaafgame-26sep19kenntenn
kalshi,KXNCAAFGAME-26SEP19KENNTENN-KENN,KXNCAAFGAME-26SEP19KENNTENN,Kennesaw St. vs Tennessee,kennesaw state,tennessee,0.07,743.0,2026-09-19,2026-09-21T23:45:00+00:00,https://kalshi.com/markets/kxncaafgame/kxncaafgame-26sep19kenntenn
kalshi,KXNCAAFGAME-26SEP19ARSTTCU-TCU,KXNCAAFGAME-26SEP19ARSTTCU,Arkansas St. vs TCU,tcu,arkansas state,0.92,194.46,2026-09-19,2026-09-22T00:00:00+00:00,https://kalshi.com/markets/kxncaafgame/kxncaafgame-26sep19arsttcu
kalshi,KXNCAAFGAME-26SEP19ARSTTCU-ARST,KXNCAAFGAME-26SEP19ARSTTCU,Arkansas St. vs TCU,arkansas state,tcu,0.18,10.26,2026-09-19,2026-09-22T00:00:00+00:00,https://kalshi.com/markets/kxncaafgame/kxncaafgame-26sep19arsttcu
kalshi,KXNCAAFGAME-26SEP19ETAMTLSA-TLSA,KXNCAAFGAME-26SEP19ETAMTLSA,East Texas A&M vs Tulsa,tulsa,east texas a and m,0.97,3504.11,2026-09-19,2026-09-22T00:00:00+00:00,https://kalshi.com/markets/kxncaafgame/kxncaafgame-26sep19etamtlsa
kalshi,KXNCAAFGAME-26SEP19ETAMTLSA-ETAM,KXNCAAFGAME-26SEP19ETAMTLSA,East Texas A&M vs Tulsa,east texas a and m,tulsa,0.06,823.22,2026-09-19,2026-09-22T00:00:00+00:00,https://kalshi.com/markets/kxncaafgame/kxncaafgame-26sep19etamtlsa
kalshi,KXNCAAFGAME-26SEP19MCNSUTRGV-UTRGV,KXNCAAFGAME-26SEP19MCNSUTRGV,McNeese vs UT Rio Grande Valley,ut rio grande valley,mcneese,0.7,0.0,2026-09-19,2026-09-22T00:00:00+00:00,https://kalshi.com/markets/kxncaafgame/kxncaafgame-26sep19mcnsutrgv
kalshi,KXNCAAFGAME-26SEP19MCNSUTRGV-MCNS,KXNCAAFGAME-26SEP19MCNSUTRGV,McNeese vs UT Rio Grande Valley,mcneese,ut rio grande valley,0.51,0.0,2026-09-19,2026-09-22T00:00:00+00:00,https://kalshi.com/markets/kxncaafgame/kxncaafgame-26sep19mcnsutrgv
kalshi,KXNCAAFGAME-26SEP19NAUUTU-UTU,KXNCAAFGAME-26SEP19NAUUTU,Northern Arizona vs Utah Tech,utah tech,northern arizona,0.58,0.0,2026-09-19,2026-09-22T00:00:00+00:00,https://kalshi.com/markets/kxncaafgame/kxncaafgame-26sep19nauutu
kalshi,KXNCAAFGAME-26SEP19NAUUTU-NAU,KXNCAAFGAME-26SEP19NAUUTU,Northern Arizona vs Utah Tech,northern arizona,utah tech,0.75,1.0,2026-09-19,2026-09-22T00:00:00+00:00,https://kalshi.com/markets/kxncaafgame/kxncaafgame-26sep19nauutu
kalshi,KXNCAAFGAME-26SEP19NWSTWEB-WEB,KXNCAAFGAME-26SEP19NWSTWEB,Northwestern St. vs Weber St.,weber state,northwestern state,0.9,863.0,2026-09-19,2026-09-22T00:00:00+00:00,https://kalshi.com/markets/kxncaafgame/kxncaafgame-26sep19nwstweb
kalshi,KXNCAAFGAME-26SEP19NWSTWEB-NWST,KXNCAAFGAME-26SEP19NWSTWEB,Northwestern St. vs Weber St.,northwestern state,weber state,0.16,302.16,2026-09-19,2026-09-22T00:00:00+00:00,https://kalshi.com/markets/kxncaafgame/kxncaafgame-26sep19nwstweb
kalshi,KXNCAAFGAME-26SEP19SFAPV-PV,KXNCAAFGAME-26SEP19SFAPV,Stephen F. Austin vs Prairie View A&M,prairie view a and m,stephen f austin,0.71,3.21,2026-09-19,2026-09-22T00:00:00+00:00,https://kalshi.com/markets/kxncaafgame/kxncaafgame-26sep19sfapv
kalshi,KXNCAAFGAME-26SEP19SFAPV-SFA,KXNCAAFGAME-26SEP19SFAPV,Stephen F. Austin vs Prairie View A&M,stephen f austin,prairie view a and m,0.76,2.0,2026-09-19,2026-09-22T00:00:00+00:00,https://kalshi.com/markets/kxncaafgame/kxncaafgame-26sep19sfapv
kalshi,KXNCAAFGAME-26SEP19UABULL-ULL,KXNCAAFGAME-26SEP19UABULL,UAB vs Louisiana,louisiana,uab,0.74,1.0,2026-09-19,2026-09-22T00:00:00+00:00,https://kalshi.com/markets/kxncaafgame/kxncaafgame-26sep19uabull
kalshi,KXNCAAFGAME-26SEP19UABULL-UAB,KXNCAAFGAME-26SEP19UABULL,UAB vs Louisiana,uab,louisiana,0.44,2.04,2026-09-19,2026-09-22T00:00:00+00:00,https://kalshi.com/markets/kxncaafgame/kxncaafgame-26sep19uabull
kalshi,KXNCAAFGAME-26SEP19USDCP-CP,KXNCAAFGAME-26SEP19USDCP,San Diego vs Cal Poly,cal poly,san diego,0.71,5.0,2026-09-19,2026-09-22T00:00:00+00:00,https://kalshi.com/markets/kxncaafgame/kxncaafgame-26sep19usdcp
kalshi,KXNCAAFGAME-26SEP19USDCP-USD,KXNCAAFGAME-26SEP19USDCP,San Diego vs Cal Poly,san diego,cal poly,0.54,0.0,2026-09-19,2026-09-22T00:00:00+00:00,https://kalshi.com/markets/kxncaafgame/kxncaafgame-26sep19usdcp
kalshi,KXNCAAFGAME-26SEP19UTSATEX-TEX,KXNCAAFGAME-26SEP19UTSATEX,UTSA vs Texas,texas,utsa,0.98,13268.53,2026-09-19,2026-09-22T00:00:00+00:00,https://kalshi.com/markets/kxncaafgame/kxncaafgame-26sep19utsatex
kalshi,KXNCAAFGAME-26SEP19UTSATEX-UTSA,KXNCAAFGAME-26SEP19UTSATEX,UTSA vs Texas,utsa,texas,0.03,3489.7,2026-09-19,2026-09-22T00:00:00+00:00,https://kalshi.com/markets/kxncaafgame/kxncaafgame-26sep19utsatex
kalshi,KXNCAAFGAME-26SEP19JMUSDSU-SDSU,KXNCAAFGAME-26SEP19JMUSDSU,James Madison vs San Diego St.,san diego state,james madison,0.6,5.62,2026-09-19,2026-09-22T02:00:00+00:00,https://kalshi.com/markets/kxncaafgame/kxncaafgame-26sep19jmusdsu
kalshi,KXNCAAFGAME-26SEP19JMUSDSU-JMU,KXNCAAFGAME-26SEP19JMUSDSU,James Madison vs San Diego St.,james madison,san diego state,0.59,40.74,2026-09-19,2026-09-22T02:00:00+00:00,https://kalshi.com/markets/kxncaafgame/kxncaafgame-26sep19jmusdsu
kalshi,KXNCAAFGAME-26SEP19SDAKBSU-BSU,KXNCAAFGAME-26SEP19SDAKBSU,South Dakota vs Boise St.,boise state,south dakota,0.93,470.11,2026-09-19,2026-09-22T02:00:00+00:00,https://kalshi.com/markets/kxncaafgame/kxncaafgame-26sep19sdakbsu
kalshi,KXNCAAFGAME-26SEP19SDAKBSU-SDAK,KXNCAAFGAME-26SEP19SDAKBSU,South Dakota vs Boise St.,south dakota,boise state,0.2,5.62,2026-09-19,2026-09-22T02:00:00+00:00,https://kalshi.com/markets/kxncaafgame/kxncaafgame-26sep19sdakbsu
kalshi,KXNCAAFGAME-26SEP19STETUCD-UCD,KXNCAAFGAME-26SEP19STETUCD,Stetson vs UC Davis,uc davis,stetson,0.98,5487.0,2026-09-19,2026-09-22T02:00:00+00:00,https://kalshi.com/markets/kxncaafgame/kxncaafgame-26sep19stetucd
kalshi,KXNCAAFGAME-26SEP19STETUCD-STET,KXNCAAFGAME-26SEP19STETUCD,Stetson vs UC Davis,stetson,uc davis,0.06,4367.17,2026-09-19,2026-09-22T02:00:00+00:00,https://kalshi.com/markets/kxncaafgame/kxncaafgame-26sep19stetucd
kalshi,KXNCAAFGAME-26SEP19NDSUSAC-SAC,KXNCAAFGAME-26SEP19NDSUSAC,North Dakota St. vs Sacramento St.,sacramento state,north dakota state,0.23,0.15,2026-09-19,2026-09-22T02:30:00+00:00,https://kalshi.com/markets/kxncaafgame/kxncaafgame-26sep19ndsusac
kalshi,KXNCAAFGAME-26SEP19NDSUSAC-NDSU,KXNCAAFGAME-26SEP19NDSUSAC,North Dakota St. vs Sacramento St.,north dakota state,sacramento state,0.93,189.4,2026-09-19,2026-09-22T02:30:00+00:00,https://kalshi.com/markets/kxncaafgame/kxncaafgame-26sep19ndsusac
kalshi,KXNCAAFGAME-26SEP19NIUARIZ-ARIZ,KXNCAAFGAME-26SEP19NIUARIZ,Northern Illinois vs Arizona,arizona,northern illinois,0.95,856.51,2026-09-19,2026-09-22T02:30:00+00:00,https://kalshi.com/markets/kxncaafgame/kxncaafgame-26sep19niuariz
kalshi,KXNCAAFGAME-26SEP19NIUARIZ-NIU,KXNCAAFGAME-26SEP19NIUARIZ,Northern Illinois vs Arizona,northern illinois,arizona,0.12,300.15,2026-09-19,2026-09-22T02:30:00+00:00,https://kalshi.com/markets/kxncaafgame/kxncaafgame-26sep19niuariz
kalshi,KXNCAAFGAME-26SEP19FRESSJSU-SJSU,KXNCAAFGAME-26SEP19FRESSJSU,Fresno St. vs San Jose St.,san jose state,fresno state,0.51,15.21,2026-09-19,2026-09-22T03:00:00+00:00,https://kalshi.com/markets/kxncaafgame/kxncaafgame-26sep19fressjsu
kalshi,KXNCAAFGAME-26SEP19FRESSJSU-FRES,KXNCAAFGAME-26SEP19FRESSJSU,Fresno St. vs San Jose St.,fresno state,san jose state,0.76,18.99,2026-09-19,2026-09-22T03:00:00+00:00,https://kalshi.com/markets/kxncaafgame/kxncaafgame-26sep19fressjsu
kalshi,KXNCAAFGAME-26SEP19MONTORST-ORST,KXNCAAFGAME-26SEP19MONTORST,Montana vs Oregon St.,oregon state,montana,0.85,1.0,2026-09-19,2026-09-22T03:00:00+00:00,https://kalshi.com/markets/kxncaafgame/kxncaafgame-26sep19montorst
kalshi,KXNCAAFGAME-26SEP19MONTORST-MONT,KXNCAAFGAME-26SEP19MONTORST,Montana vs Oregon St.,montana,oregon state,0.43,1.0,2026-09-19,2026-09-22T03:00:00+00:00,https://kalshi.com/markets/kxncaafgame/kxncaafgame-26sep19montorst
kalshi,KXNCAAFGAME-26SEP19PURUCLA-UCLA,KXNCAAFGAME-26SEP19PURUCLA,Purdue vs UCLA,ucla,purdue,0.83,100.08,2026-09-19,2026-09-22T03:00:00+00:00,https://kalshi.com/markets/kxncaafgame/kxncaafgame-26sep19purucla
kalshi,KXNCAAFGAME-26SEP19PURUCLA-PUR,KXNCAAFGAME-26SEP19PURUCLA,Purdue vs UCLA,purdue,ucla,0.26,43.71,2026-09-19,2026-09-22T03:00:00+00:00,https://kalshi.com/markets/kxncaafgame/kxncaafgame-26sep19purucla
polymarket,4045538,cfb-flam-mia-2026-09-10,Florida A&M vs. Miami (FL),florida am,miami fl,0.0045,373151.127004,2026-09-10,2026-09-11T00:00:00+00:00,https://polymarket.com/event/cfb-flam-mia-2026-09-10
polymarket,4045538,cfb-flam-mia-2026-09-10,Florida A&M vs. Miami (FL),miami fl,florida am,0.9955,373151.127004,2026-09-10,2026-09-11T00:00:00+00:00,https://polymarket.com/event/cfb-flam-mia-2026-09-10
polymarket,4045539,cfb-rich-ncst-2026-09-11,Richmond vs. NC State,richmond,north carolina state,0.022,4338.823809999999,2026-09-11,2026-09-11T23:00:00+00:00,https://polymarket.com/event/cfb-rich-ncst-2026-09-11
polymarket,4045539,cfb-rich-ncst-2026-09-11,Richmond vs. NC State,north carolina state,richmond,0.978,4338.823809999999,2026-09-11,2026-09-11T23:00:00+00:00,https://polymarket.com/event/cfb-rich-ncst-2026-09-11
polymarket,4045540,cfb-norfst-vir-2026-09-11,Norfolk State vs. Virginia,norfolk state,virginia,0.005,58915.867639,2026-09-11,2026-09-11T23:00:00+00:00,https://polymarket.com/event/cfb-norfst-vir-2026-09-11
polymarket,4045540,cfb-norfst-vir-2026-09-11,Norfolk State vs. Virginia,virginia,norfolk state,0.995,58915.867639,2026-09-11,2026-09-11T23:00:00+00:00,https://polymarket.com/event/cfb-norfst-vir-2026-09-11
polymarket,4045541,cfb-vill-lou-2026-09-11,Villanova vs. Louisville,villanova,louisville,0.017,732.362323,2026-09-11,2026-09-11T23:00:00+00:00,https://polymarket.com/event/cfb-vill-lou-2026-09-11
polymarket,4045541,cfb-vill-lou-2026-09-11,Villanova vs. Louisville,louisville,villanova,0.983,732.362323,2026-09-11,2026-09-11T23:00:00+00:00,https://polymarket.com/event/cfb-vill-lou-2026-09-11
polymarket,4045542,cfb-rutger-boscol-2026-09-11,Rutgers vs. Boston College,rutgers,boston college,0.395,1794.840974,2026-09-11,2026-09-11T23:30:00+00:00,https://polymarket.com/event/cfb-rutger-boscol-2026-09-11
polymarket,4045542,cfb-rutger-boscol-2026-09-11,Rutgers vs. Boston College,boston college,rutgers,0.605,1794.840974,2026-09-11,2026-09-11T23:30:00+00:00,https://polymarket.com/event/cfb-rutger-boscol-2026-09-11
polymarket,4045543,cfb-missr-kan-2026-09-11,Missouri vs. Kansas,missouri,kansas,0.665,4965.011694999999,2026-09-11,2026-09-12T00:00:00+00:00,https://polymarket.com/event/cfb-missr-kan-2026-09-11
polymarket,4045543,cfb-missr-kan-2026-09-11,Missouri vs. Kansas,kansas,missouri,0.335,4965.011694999999,2026-09-11,2026-09-12T00:00:00+00:00,https://polymarket.com/event/cfb-missr-kan-2026-09-11
polymarket,4045546,cfb-dkc-dav-2026-09-12,Dickinson vs. Davidson,dickinson,davidson,0.495,36.8,2026-09-12,2026-09-12T16:00:00+00:00,https://polymarket.com/event/cfb-dkc-dav-2026-09-12
polymarket,4045546,cfb-dkc-dav-2026-09-12,Dickinson vs. Davidson,davidson,dickinson,0.505,36.8,2026-09-12,2026-09-12T16:00:00+00:00,https://polymarket.com/event/cfb-dkc-dav-2026-09-12
polymarket,4045547,cfb-wake-pur-2026-09-12,Wake Forest vs. Purdue,wake forest,purdue,0.585,927.114284,2026-09-12,2026-09-12T16:00:00+00:00,https://polymarket.com/event/cfb-wake-pur-2026-09-12
polymarket,4045547,cfb-wake-pur-2026-09-12,Wake Forest vs. Purdue,purdue,wake forest,0.415,927.114284,2026-09-12,2026-09-12T16:00:00+00:00,https://polymarket.com/event/cfb-wake-pur-2026-09-12
polymarket,4045548,cfb-sfl-army-2026-09-12,South Florida vs. Army,usf,army,0.385,129.449865,2026-09-12,2026-09-12T16:00:00+00:00,https://polymarket.com/event/cfb-sfl-army-2026-09-12
polymarket,4045548,cfb-sfl-army-2026-09-12,South Florida vs. Army,army,usf,0.615,129.449865,2026-09-12,2026-09-12T16:00:00+00:00,https://polymarket.com/event/cfb-sfl-army-2026-09-12
polymarket,4045549,cfb-tmc-day-2026-09-12,Thomas More vs. Dayton,thomas more,dayton,0.36,,2026-09-12,2026-09-12T16:00:00+00:00,https://polymarket.com/event/cfb-tmc-day-2026-09-12
polymarket,4045549,cfb-tmc-day-2026-09-12,Thomas More vs. Dayton,dayton,thomas more,0.64,,2026-09-12,2026-09-12T16:00:00+00:00,https://polymarket.com/event/cfb-tmc-day-2026-09-12
polymarket,4045550,cfb-old-vtech-2026-09-12,Old Dominion vs. Virginia Tech,old dominion,virginia tech,0.105,141.981246,2026-09-12,2026-09-12T16:00:00+00:00,https://polymarket.com/event/cfb-old-vtech-2026-09-12
polymarket,4045550,cfb-old-vtech-2026-09-12,Old Dominion vs. Virginia Tech,virginia tech,old dominion,0.895,141.981246,2026-09-12,2026-09-12T16:00:00+00:00,https://polymarket.com/event/cfb-old-vtech-2026-09-12
polymarket,4045551,cfb-elon-ri-2026-09-12,Elon vs. Rhode Island,elon,rhode island,0.275,985.4594979999999,2026-09-12,2026-09-12T16:00:00+00:00,https://polymarket.com/event/cfb-elon-ri-2026-09-12
polymarket,4045551,cfb-elon-ri-2026-09-12,Elon vs. Rhode Island,rhode island,elon,0.725,985.4594979999999,2026-09-12,2026-09-12T16:00:00+00:00,https://polymarket.com/event/cfb-elon-ri-2026-09-12
polymarket,4045552,cfb-pennst-templ-2026-09-12,Penn State vs. Temple,penn state,temple,0.945,440.930121,2026-09-12,2026-09-12T16:00:00+00:00,https://polymarket.com/event/cfb-pennst-templ-2026-09-12
polymarket,4045552,cfb-pennst-templ-2026-09-12,Penn State vs. Temple,temple,penn state,0.055,440.930121,2026-09-12,2026-09-12T16:00:00+00:00,https://polymarket.com/event/cfb-pennst-templ-2026-09-12
polymarket,4045553,cfb-etnst-ncar-2026-09-12,East Tennessee State vs. North Carolina,east tennessee state,north carolina,0.019,1017.002613,2026-09-12,2026-09-12T16:00:00+00:00,https://polymarket.com/event/cfb-etnst-ncar-2026-09-12
polymarket,4045553,cfb-etnst-ncar-2026-09-12,East Tennessee State vs. North Carolina,north carolina,east tennessee state,0.981,1017.002613,2026-09-12,2026-09-12T16:00:00+00:00,https://polymarket.com/event/cfb-etnst-ncar-2026-09-12
polymarket,4045554,cfb-ore-okst-2026-09-12,Oregon vs. Oklahoma State,oregon,oklahoma state,0.935,790.965243,2026-09-12,2026-09-12T16:00:00+00:00,https://polymarket.com/event/cfb-ore-okst-2026-09-12
polymarket,4045554,cfb-ore-okst-2026-09-12,Oregon vs. Oklahoma State,oklahoma state,oregon,0.065,790.965243,2026-09-12,2026-09-12T16:00:00+00:00,https://polymarket.com/event/cfb-ore-okst-2026-09-12
polymarket,4045557,cfb-woff-kentst-2026-09-12,Wofford vs. Kent State,wofford,kent state,0.18,54.22,2026-09-12,2026-09-12T16:00:00+00:00,https://polymarket.com/event/cfb-woff-kentst-2026-09-12
polymarket,4045557,cfb-woff-kentst-2026-09-12,Wofford vs. Kent State,kent state,wofford,0.82,54.22,2026-09-12,2026-09-12T16:00:00+00:00,https://polymarket.com/event/cfb-woff-kentst-2026-09-12
polymarket,4045558,cfb-albny-liub-2026-09-12,University at Albany vs. LIU,albany,liu,0.64,40.0,2026-09-12,2026-09-12T16:00:00+00:00,https://polymarket.com/event/cfb-albny-liub-2026-09-12
polymarket,4045558,cfb-albny-liub-2026-09-12,University at Albany vs. LIU,liu,albany,0.36,40.0,2026-09-12,2026-09-12T16:00:00+00:00,https://polymarket.com/event/cfb-albny-liub-2026-09-12
polymarket,4045559,cfb-arzst-txam-2026-09-12,Arizona State vs. Texas A&M,arizona state,texas am,0.145,4961.628074,2026-09-12,2026-09-12T16:00:00+00:00,https://polymarket.com/event/cfb-arzst-txam-2026-09-12
polymarket,4045559,cfb-arzst-txam-2026-09-12,Arizona State vs. Texas A&M,texas am,arizona state,0.855,4961.628074,2026-09-12,2026-09-12T16:00:00+00:00,https://polymarket.com/event/cfb-arzst-txam-2026-09-12
polymarket,4045562,cfb-howrd-ind-2026-09-12,Howard vs. Indiana,howard,indiana,0.0015,11704.891334,2026-09-12,2026-09-12T16:00:00+00:00,https://polymarket.com/event/cfb-howrd-ind-2026-09-12
polymarket,4045562,cfb-howrd-ind-2026-09-12,Howard vs. Indiana,indiana,howard,0.9985,11704.891334,2026-09-12,2026-09-12T16:00:00+00:00,https://polymarket.com/event/cfb-howrd-ind-2026-09-12
polymarket,4045563,cfb-washst-kanst-2026-09-12,Washington State vs. Kansas State,washington state,kansas state,0.105,5493.549572999999,2026-09-12,2026-09-12T16:00:00+00:00,https://polymarket.com/event/cfb-washst-kanst-2026-09-12
polymarket,4045563,cfb-washst-kanst-2026-09-12,Washington State vs. Kansas State,kansas state,washington state,0.895,5493.549572999999,2026-09-12,2026-09-12T16:00:00+00:00,https://polymarket.com/event/cfb-washst-kanst-2026-09-12
polymarket,4045564,cfb-okl-mich-2026-09-12,Oklahoma vs. Michigan,oklahoma,michigan,0.665,55803.637447999994,2026-09-12,2026-09-12T16:00:00+00:00,https://polymarket.com/event/cfb-okl-mich-2026-09-12
polymarket,4045564,cfb-okl-mich-2026-09-12,Oklahoma vs. Michigan,michigan,oklahoma,0.335,55803.637447999994,2026-09-12,2026-09-12T16:00:00+00:00,https://polymarket.com/event/cfb-okl-mich-2026-09-12
polymarket,4045567,cfb-applst-ecar-2026-09-12,Appalachian State vs. East Carolina,appalachian state,east carolina,0.305,3013.8619310000004,2026-09-12,2026-09-12T16:00:00+00:00,https://polymarket.com/event/cfb-applst-ecar-2026-09-12
polymarket,4045567,cfb-applst-ecar-2026-09-12,Appalachian State vs. East Carolina,east carolina,appalachian state,0.695,3013.8619310000004,2026-09-12,2026-09-12T16:00:00+00:00,https://polymarket.com/event/cfb-applst-ecar-2026-09-12
polymarket,4045568,cfb-mrst-lafay-2026-09-12,Marist vs. Lafayette,marist,lafayette,0.205,91.2,2026-09-12,2026-09-12T16:30:00+00:00,https://polymarket.com/event/cfb-mrst-lafay-2026-09-12
polymarket,4045568,cfb-mrst-lafay-2026-09-12,Marist vs. Lafayette,lafayette,marist,0.795,91.2,2026-09-12,2026-09-12T16:30:00+00:00,https://polymarket.com/event/cfb-mrst-lafay-2026-09-12
polymarket,4045569,cfb-wkent-ga-2026-09-12,Western Kentucky vs. Georgia,western kentucky,georgia,0.006,11344.604895000002,2026-09-12,2026-09-12T16:45:00+00:00,https://polymarket.com/event/cfb-wkent-ga-2026-09-12
polymarket,4045569,cfb-wkent-ga-2026-09-12,Western Kentucky vs. Georgia,georgia,western kentucky,0.994,11344.604895000002,2026-09-12,2026-09-12T16:45:00+00:00,https://polymarket.com/event/cfb-wkent-ga-2026-09-12
polymarket,4045570,cfb-kcu-chs-2026-09-12,Kentucky Christian vs. Chicago State,kentucky christian,chicago state,0.405,,2026-09-12,2026-09-12T17:00:00+00:00,https://polymarket.com/event/cfb-kcu-chs-2026-09-12
polymarket,4045570,cfb-kcu-chs-2026-09-12,Kentucky Christian vs. Chicago State,chicago state,kentucky christian,0.595,,2026-09-12,2026-09-12T17:00:00+00:00,https://polymarket.com/event/cfb-kcu-chs-2026-09-12
polymarket,4045571,cfb-tmrt-wvir-2026-09-12,Tennessee-Martin vs. West Virginia,tennessee martin,west virginia,0.0075,3855.8788050000003,2026-09-12,2026-09-12T17:00:00+00:00,https://polymarket.com/event/cfb-tmrt-wvir-2026-09-12
polymarket,4045571,cfb-tmrt-wvir-2026-09-12,Tennessee-Martin vs. West Virginia,west virginia,tennessee martin,0.9925,3855.8788050000003,2026-09-12,2026-09-12T17:00:00+00:00,https://polymarket.com/event/cfb-tmrt-wvir-2026-09-12
polymarket,4045572,cfb-colg-cmich-2026-09-12,Colgate vs. Central Michigan,colgate,central michigan,0.07,14664.47,2026-09-12,2026-09-12T17:00:00+00:00,https://polymarket.com/event/cfb-colg-cmich-2026-09-12
polymarket,4045572,cfb-colg-cmich-2026-09-12,Colgate vs. Central Michigan,central michigan,colgate,0.93,14664.47,2026-09-12,2026-09-12T17:00:00+00:00,https://polymarket.com/event/cfb-colg-cmich-2026-09-12
polymarket,4045573,cfb-holy-miaoh-2026-09-12,Holy Cross vs. Miami (OH),holy cross,miami oh,0.0335,61.565156,2026-09-12,2026-09-12T17:00:00+00:00,https://polymarket.com/event/cfb-holy-miaoh-2026-09-12
polymarket,4045573,cfb-holy-miaoh-2026-09-12,Holy Cross vs. Miami (OH),miami oh,holy cross,0.9665,61.565156,2026-09-12,2026-09-12T17:00:00+00:00,https://polymarket.com/event/cfb-holy-miaoh-2026-09-12
polymarket,4045574,cfb-buck-vamil-2026-09-12,Bucknell vs. VMI,bucknell,vmi,0.75,278.0980170000001,2026-09-12,2026-09-12T17:30:00+00:00,https://polymarket.com/event/cfb-buck-vamil-2026-09-12
polymarket,4045574,cfb-buck-vamil-2026-09-12,Bucknell vs. VMI,vmi,bucknell,0.25,278.0980170000001,2026-09-12,2026-09-12T17:30:00+00:00,https://polymarket.com/event/cfb-buck-vamil-2026-09-12
polymarket,4045575,cfb-drake-niowa-2026-09-12,Drake vs. Northern Iowa,drake,northern iowa,0.185,321.43,2026-09-12,2026-09-12T18:00:00+00:00,https://polymarket.com/event/cfb-drake-niowa-2026-09-12
polymarket,4045575,cfb-drake-niowa-2026-09-12,Drake vs. Northern Iowa,northern iowa,drake,0.815,321.43,2026-09-12,2026-09-12T18:00:00+00:00,https://polymarket.com/event/cfb-drake-niowa-2026-09-12
polymarket,4045576,cfb-nmu-stmn-2026-09-12,Northern Michigan vs. St. Thomas,northern michigan,state thomas,0.285,,2026-09-12,2026-09-12T18:00:00+00:00,https://polymarket.com/event/cfb-nmu-stmn-2026-09-12
polymarket,4045576,cfb-nmu-stmn-2026-09-12,Northern Michigan vs. St. Thomas,state thomas,northern michigan,0.715,,2026-09-12,2026-09-12T18:00:00+00:00,https://polymarket.com/event/cfb-nmu-stmn-2026-09-12
polymarket,4045577,cfb-ewash-sdak-2026-09-12,Eastern Washington vs. South Dakota,eastern washington,south dakota,0.155,55.0,2026-09-12,2026-09-12T18:00:00+00:00,https://polymarket.com/event/cfb-ewash-sdak-2026-09-12
polymarket,4045577,cfb-ewash-sdak-2026-09-12,Eastern Washington vs. South Dakota,south dakota,eastern washington,0.845,55.0,2026-09-12,2026-09-12T18:00:00+00:00,https://polymarket.com/event/cfb-ewash-sdak-2026-09-12
polymarket,4045578,cfb-wm-lehi-2026-09-12,William & Mary vs. Lehigh,william and mary,lehigh,0.2,,2026-09-12,2026-09-12T18:00:00+00:00,https://polymarket.com/event/cfb-wm-lehi-2026-09-12
polymarket,4045578,cfb-wm-lehi-2026-09-12,William & Mary vs. Lehigh,lehigh,william and mary,0.8,,2026-09-12,2026-09-12T18:00:00+00:00,https://polymarket.com/event/cfb-wm-lehi-2026-09-12
polymarket,4045579,cfb-stbr-ballst-2026-09-12,Stony Brook vs. Ball State,stony brook,ball state,0.13,76.532725,2026-09-12,2026-09-12T18:00:00+00:00,https://polymarket.com/event/cfb-stbr-ballst-2026-09-12
polymarket,4045579,cfb-stbr-ballst-2026-09-12,Stony Brook vs. Ball State,ball state,stony brook,0.87,76.532725,2026-09-12,2026-09-12T18:00:00+00:00,https://polymarket.com/event/cfb-stbr-ballst-2026-09-12
polymarket,4045580,cfb-duq-yngst-2026-09-12,Duquesne vs. Youngstown State,duquesne,youngstown state,0.09,123.18888,2026-09-12,2026-09-12T18:00:00+00:00,https://polymarket.com/event/cfb-duq-yngst-2026-09-12
polymarket,4045580,cfb-duq-yngst-2026-09-12,Duquesne vs. Youngstown State,youngstown state,duquesne,0.91,123.18888,2026-09-12,2026-09-12T18:00:00+00:00,https://polymarket.com/event/cfb-duq-yngst-2026-09-12
polymarket,4045581,cfb-dxst-mont-2026-09-12,Utah Tech vs. Montana,utah tech,montana,0.016,968.701112,2026-09-12,2026-09-12T19:00:00+00:00,https://polymarket.com/event/cfb-dxst-mont-2026-09-12
polymarket,4045581,cfb-dxst-mont-2026-09-12,Utah Tech vs. Montana,montana,utah tech,0.984,968.701112,2026-09-12,2026-09-12T19:00:00+00:00,https://polymarket.com/event/cfb-dxst-mont-2026-09-12
polymarket,4045582,cfb-bwst-delst-2026-09-12,Bowie State vs. Delaware State,bowie state,delaware state,0.285,,2026-09-12,2026-09-12T19:00:00+00:00,https://polymarket.com/event/cfb-bwst-delst-2026-09-12
polymarket,4045582,cfb-bwst-delst-2026-09-12,Bowie State vs. Delaware State,delaware state,bowie state,0.715,,2026-09-12,2026-09-12T19:00:00+00:00,https://polymarket.com/event/cfb-bwst-delst-2026-09-12
polymarket,4045583,cfb-utsa-txst-2026-09-12,UTSA vs. Texas State,utsa,texas state,0.465,4140.444524,2026-09-12,2026-09-12T19:30:00+00:00,https://polymarket.com/event/cfb-utsa-txst-2026-09-12
polymarket,4045583,cfb-utsa-txst-2026-09-12,UTSA vs. Texas State,texas state,utsa,0.535,4140.444524,2026-09-12,2026-09-12T19:30:00+00:00,https://polymarket.com/event/cfb-utsa-txst-2026-09-12
polymarket,4045584,cfb-webst-col-2026-09-12,Weber State vs. Colorado,weber state,colorado,0.0145,38.461539,2026-09-12,2026-09-12T19:30:00+00:00,https://polymarket.com/event/cfb-webst-col-2026-09-12
polymarket,4045584,cfb-webst-col-2026-09-12,Weber State vs. Colorado,colorado,weber state,0.9855,38.461539,2026-09-12,2026-09-12T19:30:00+00:00,https://polymarket.com/event/cfb-webst-col-2026-09-12
polymarket,4045585,cfb-ala-uk-2026-09-12,Alabama vs. Kentucky,alabama,kentucky,0.785,2274.5282219999995,2026-09-12,2026-09-12T19:30:00+00:00,https://polymarket.com/event/cfb-ala-uk-2026-09-12
polymarket,4045585,cfb-ala-uk-2026-09-12,Alabama vs. Kentucky,kentucky,alabama,0.215,2274.5282219999995,2026-09-12,2026-09-12T19:30:00+00:00,https://polymarket.com/event/cfb-ala-uk-2026-09-12
polymarket,4045586,cfb-rice-nd-2026-09-12,Rice vs. Notre Dame,rice,notre dame,0.0045,2487.231798,2026-09-12,2026-09-12T19:30:00+00:00,https://polymarket.com/event/cfb-rice-nd-2026-09-12
polymarket,4045586,cfb-rice-nd-2026-09-12,Rice vs. Notre Dame,notre dame,rice,0.9955,2487.231798,2026-09-12,2026-09-12T19:30:00+00:00,https://polymarket.com/event/cfb-rice-nd-2026-09-12
polymarket,4045587,cfb-emich-mst-2026-09-12,Eastern Michigan vs. Michigan State,eastern michigan,michigan state,0.115,3217.9829030000005,2026-09-12,2026-09-12T19:30:00+00:00,https://polymarket.com/event/cfb-emich-mst-2026-09-12
polymarket,4045587,cfb-emich-mst-2026-09-12,Eastern Michigan vs. Michigan State,michigan state,eastern michigan,0.885,3217.9829030000005,2026-09-12,2026-09-12T19:30:00+00:00,https://polymarket.com/event/cfb-emich-mst-2026-09-12
polymarket,4045588,cfb-mary-uconn-2026-09-12,Maryland vs. UConn,maryland,uconn,0.805,56.25,2026-09-12,2026-09-12T19:30:00+00:00,https://polymarket.com/event/cfb-mary-uconn-2026-09-12
polymarket,4045588,cfb-mary-uconn-2026-09-12,Maryland vs. UConn,uconn,maryland,0.195,56.25,2026-09-12,2026-09-12T19:30:00+00:00,https://polymarket.com/event/cfb-mary-uconn-2026-09-12
polymarket,4045589,cfb-mspst-minnst-2026-09-12,Mississippi State vs. Minnesota,mississippi state,minnesota,0.505,916.7637440000001,2026-09-12,2026-09-12T19:30:00+00:00,https://polymarket.com/event/cfb-mspst-minnst-2026-09-12
polymarket,4045589,cfb-mspst-minnst-2026-09-12,Mississippi State vs. Minnesota,minnesota,mississippi state,0.495,916.7637440000001,2026-09-12,2026-09-12T19:30:00+00:00,https://polymarket.com/event/cfb-mspst-minnst-2026-09-12
polymarket,4045590,cfb-ucf-pitt-2026-09-12,UCF vs. Pittsburgh,ucf,pittsburgh,0.295,75.382856,2026-09-12,2026-09-12T19:30:00+00:00,https://polymarket.com/event/cfb-ucf-pitt-2026-09-12
polymarket,4045590,cfb-ucf-pitt-2026-09-12,UCF vs. Pittsburgh,pittsburgh,ucf,0.705,75.382856,2026-09-12,2026-09-12T19:30:00+00:00,https://polymarket.com/event/cfb-ucf-pitt-2026-09-12
polymarket,4045591,cfb-sacred-umass-2026-09-12,Sacred Heart vs. UMass,sacred heart,umass,0.06,368.735715,2026-09-12,2026-09-12T19:30:00+00:00,https://polymarket.com/event/cfb-sacred-umass-2026-09-12
polymarket,4045591,cfb-sacred-umass-2026-09-12,Sacred Heart vs. UMass,umass,sacred heart,0.94,368.735715,2026-09-12,2026-09-12T19:30:00+00:00,https://polymarket.com/event/cfb-sacred-umass-2026-09-12
polymarket,4045592,cfb-cencon-toledo-2026-09-12,Central Connecticut State vs. Toledo,central connecticut state,toledo,0.022,778.2658650000001,2026-09-12,2026-09-12T19:30:00+00:00,https://polymarket.com/event/cfb-cencon-toledo-2026-09-12
polymarket,4045592,cfb-cencon-toledo-2026-09-12,Central Connecticut State vs. Toledo,toledo,central connecticut state,0.978,778.2658650000001,2026-09-12,2026-09-12T19:30:00+00:00,https://polymarket.com/event/cfb-cencon-toledo-2026-09-12
polymarket,4045593,cfb-duke-ill-2026-09-12,Duke vs. Illinois,duke,illinois,0.335,105.498419,2026-09-12,2026-09-12T19:30:00+00:00,https://polymarket.com/event/cfb-duke-ill-2026-09-12
polymarket,4045593,cfb-duke-ill-2026-09-12,Duke vs. Illinois,illinois,duke,0.665,105.498419,2026-09-12,2026-09-12T19:30:00+00:00,https://polymarket.com/event/cfb-duke-ill-2026-09-12
polymarket,4045594,cfb-cah-syra-2026-09-12,California vs. Syracuse,california,syracuse,0.385,759.579563,2026-09-12,2026-09-12T19:30:00+00:00,https://polymarket.com/event/cfb-cah-syra-2026-09-12
polymarket,4045594,cfb-cah-syra-2026-09-12,California vs. Syracuse,syracuse,california,0.615,759.579563,2026-09-12,2026-09-12T19:30:00+00:00,https://polymarket.com/event/cfb-cah-syra-2026-09-12
polymarket,4045595,cfb-robms-akron-2026-09-12,Robert Morris vs. Akron,robert morris,akron,0.036,921.3939439999999,2026-09-12,2026-09-12T19:30:00+00:00,https://polymarket.com/event/cfb-robms-akron-2026-09-12
polymarket,4045595,cfb-robms-akron-2026-09-12,Robert Morris vs. Akron,akron,robert morris,0.964,921.3939439999999,2026-09-12,2026-09-12T19:30:00+00:00,https://polymarket.com/event/cfb-robms-akron-2026-09-12
polymarket,4045596,cfb-utahst-wash-2026-09-12,Utah State vs. Washington,utah state,washington,0.04,70.0,2026-09-12,2026-09-12T19:30:00+00:00,https://polymarket.com/event/cfb-utahst-wash-2026-09-12
polymarket,4045596,cfb-utahst-wash-2026-09-12,Utah State vs. Washington,washington,utah state,0.96,70.0,2026-09-12,2026-09-12T19:30:00+00:00,https://polymarket.com/event/cfb-utahst-wash-2026-09-12
polymarket,4045597,cfb-lamon-uab-2026-09-12,Louisiana-Monroe vs. UAB,louisiana monroe,uab,0.23,,2026-09-12,2026-09-12T19:30:00+00:00,https://polymarket.com/event/cfb-lamon-uab-2026-09-12
polymarket,4045597,cfb-lamon-uab-2026-09-12,Louisiana-Monroe vs. UAB,uab,louisiana monroe,0.77,,2026-09-12,2026-09-12T19:30:00+00:00,https://polymarket.com/event/cfb-lamon-uab-2026-09-12
polymarket,4045598,cfb-wag-jmad-2026-09-12,Wagner vs. James Madison,wagner,james madison,0.004,5388.410269,2026-09-12,2026-09-12T19:30:00+00:00,https://polymarket.com/event/cfb-wag-jmad-2026-09-12
polymarket,4045598,cfb-wag-jmad-2026-09-12,Wagner vs. James Madison,james madison,wagner,0.996,5388.410269,2026-09-12,2026-09-12T19:30:00+00:00,https://polymarket.com/event/cfb-wag-jmad-2026-09-12
polymarket,4045599,cfb-unlv-ntx-2026-09-12,UNLV vs. North Texas,unlv,north texas,0.605,13519.230508,2026-09-12,2026-09-12T19:45:00+00:00,https://polymarket.com/event/cfb-unlv-ntx-2026-09-12
polymarket,4045599,cfb-unlv-ntx-2026-09-12,UNLV vs. North Texas,north texas,unlv,0.395,13519.230508,2026-09-12,2026-09-12T19:45:00+00:00,https://polymarket.com/event/cfb-unlv-ntx-2026-09-12
polymarket,4045600,cfb-alast-troy-2026-09-12,Alabama State vs. Troy,alabama state,troy,0.075,653.04,2026-09-12,2026-09-12T20:00:00+00:00,https://polymarket.com/event/cfb-alast-troy-2026-09-12
polymarket,4045600,cfb-alast-troy-2026-09-12,Alabama State vs. Troy,troy,alabama state,0.925,653.04,2026-09-12,2026-09-12T20:00:00+00:00,https://polymarket.com/event/cfb-alast-troy-2026-09-12
polymarket,4045601,cfb-ucdv-smu-2026-09-12,UC Davis vs. SMU,uc davis,smu,0.047,319.88108,2026-09-12,2026-09-12T20:00:00+00:00,https://polymarket.com/event/cfb-ucdv-smu-2026-09-12
polymarket,4045601,cfb-ucdv-smu-2026-09-12,UC Davis vs. SMU,smu,uc davis,0.953,319.88108,2026-09-12,2026-09-12T20:00:00+00:00,https://polymarket.com/event/cfb-ucdv-smu-2026-09-12
polymarket,4045602,cfb-stet-bcook-2026-09-12,Stetson vs. Bethune-Cookman,stetson,bethune cookman,0.175,41.0,2026-09-12,2026-09-12T20:00:00+00:00,https://polymarket.com/event/cfb-stet-bcook-2026-09-12
polymarket,4045602,cfb-stet-bcook-2026-09-12,Stetson vs. Bethune-Cookman,bethune cookman,stetson,0.825,41.0,2026-09-12,2026-09-12T20:00:00+00:00,https://polymarket.com/event/cfb-stet-bcook-2026-09-12
polymarket,4045603,cfb-ncol-wyom-2026-09-12,Northern Colorado vs. Wyoming,northern colorado,wyoming,0.065,10.0,2026-09-12,2026-09-12T20:00:00+00:00,https://polymarket.com/event/cfb-ncol-wyom-2026-09-12
polymarket,4045603,cfb-ncol-wyom-2026-09-12,Northern Colorado vs. Wyoming,wyoming,northern colorado,0.935,10.0,2026-09-12,2026-09-12T20:00:00+00:00,https://polymarket.com/event/cfb-ncol-wyom-2026-09-12
polymarket,4045604,cfb-mhud34ce7-nmx-2026-09-12,Mercyhurst vs. New Mexico,mercyhurst,new mexico,0.008,173.04368499999998,2026-09-12,2026-09-12T20:00:00+00:00,https://polymarket.com/event/cfb-mhud34ce7-nmx-2026-09-12
polymarket,4045604,cfb-mhud34ce7-nmx-2026-09-12,Mercyhurst vs. New Mexico,new mexico,mercyhurst,0.992,173.04368499999998,2026-09-12,2026-09-12T20:00:00+00:00,https://polymarket.com/event/cfb-mhud34ce7-nmx-2026-09-12
polymarket,4045605,cfb-linc-msvlst-2026-09-12,Lincoln (PA) vs. Mississippi Valley State,lincoln pa,mississippi valley state,0.69,,2026-09-12,2026-09-12T20:00:00+00:00,https://polymarket.com/event/cfb-linc-msvlst-2026-09-12
polymarket,4045605,cfb-linc-msvlst-2026-09-12,Lincoln (PA) vs. Mississippi Valley State,mississippi valley state,lincoln pa,0.31,,2026-09-12,2026-09-12T20:00:00+00:00,https://polymarket.com/event/cfb-linc-msvlst-2026-09-12
polymarket,4045606,cfb-lamar-idaho-2026-09-12,Lamar vs. Idaho,lamar,idaho,0.525,36.25,2026-09-12,2026-09-12T20:00:00+00:00,https://polymarket.com/event/cfb-lamar-idaho-2026-09-12
polymarket,4045606,cfb-lamar-idaho-2026-09-12,Lamar vs. Idaho,idaho,lamar,0.475,36.25,2026-09-12,2026-09-12T20:00:00+00:00,https://polymarket.com/event/cfb-lamar-idaho-2026-09-12
polymarket,4045607,cfb-del-vand-2026-09-12,Delaware vs. Vanderbilt,delaware,vanderbilt,0.085,1010.652726,2026-09-12,2026-09-12T20:15:00+00:00,https://polymarket.com/event/cfb-del-vand-2026-09-12
polymarket,4045607,cfb-del-vand-2026-09-12,Delaware vs. Vanderbilt,vanderbilt,delaware,0.915,1010.652726,2026-09-12,2026-09-12T20:15:00+00:00,https://polymarket.com/event/cfb-del-vand-2026-09-12
polymarket,4045608,cfb-merri-maine-2026-09-12,Merrimack vs. Maine,merrimack,maine,0.205,,2026-09-12,2026-09-12T21:00:00+00:00,https://polymarket.com/event/cfb-merri-maine-2026-09-12
polymarket,4045608,cfb-merri-maine-2026-09-12,Merrimack vs. Maine,maine,merrimack,0.795,,2026-09-12,2026-09-12T21:00:00+00:00,https://polymarket.com/event/cfb-merri-maine-2026-09-12
polymarket,4045609,cfb-more-ausp-2026-09-12,Morehead State vs. Austin Peay,morehead state,austin peay,0.029,70.22915,2026-09-12,2026-09-12T21:00:00+00:00,https://polymarket.com/event/cfb-more-ausp-2026-09-12
polymarket,4045609,cfb-more-ausp-2026-09-12,Morehead State vs. Austin Peay,austin peay,morehead state,0.971,70.22915,2026-09-12,2026-09-12T21:00:00+00:00,https://polymarket.com/event/cfb-more-ausp-2026-09-12
polymarket,4045610,cfb-incar-narz-2026-09-12,Incarnate Word vs. Northern Arizona,incarnate word,northern arizona,0.425,239.082456,2026-09-12,2026-09-12T21:00:00+00:00,https://polymarket.com/event/cfb-incar-narz-2026-09-12
polymarket,4045610,cfb-incar-narz-2026-09-12,Incarnate Word vs. Northern Arizona,northern arizona,incarnate word,0.575,239.082456,2026-09-12,2026-09-12T21:00:00+00:00,https://polymarket.com/event/cfb-incar-narz-2026-09-12
polymarket,4045611,cfb-camp-fl-2026-09-12,Campbell vs. Florida,campbell,florida,0.0085,2383.24323,2026-09-12,2026-09-12T21:30:00+00:00,https://polymarket.com/event/cfb-camp-fl-2026-09-12
polymarket,4045611,cfb-camp-fl-2026-09-12,Campbell vs. Florida,florida,campbell,0.9915,2383.24323,2026-09-12,2026-09-12T21:30:00+00:00,https://polymarket.com/event/cfb-camp-fl-2026-09-12
polymarket,4045612,cfb-vlb-morgst-2026-09-12,Virginia-Lynchburg vs. Morgan State,virginia lynchburg,morgan state,0.31,,2026-09-12,2026-09-12T22:00:00+00:00,https://polymarket.com/event/cfb-vlb-morgst-2026-09-12
polymarket,4045612,cfb-vlb-morgst-2026-09-12,Virginia-Lynchburg vs. Morgan State,morgan state,virginia lynchburg,0.69,,2026-09-12,2026-09-12T22:00:00+00:00,https://polymarket.com/event/cfb-vlb-morgst-2026-09-12
polymarket,4045613,cfb-jaxst-ohio-2026-09-12,Jacksonville State vs. Ohio,jacksonville state,ohio,0.445,511.0,2026-09-12,2026-09-12T22:00:00+00:00,https://polymarket.com/event/cfb-jaxst-ohio-2026-09-12
polymarket,4045613,cfb-jaxst-ohio-2026-09-12,Jacksonville State vs. Ohio,ohio,jacksonville state,0.555,511.0,2026-09-12,2026-09-12T22:00:00+00:00,https://polymarket.com/event/cfb-jaxst-ohio-2026-09-12
polymarket,4045614,cfb-buf-flint-2026-09-12,Buffalo vs. Florida International,buffalo,fiu,0.215,20.0,2026-09-12,2026-09-12T22:00:00+00:00,https://polymarket.com/event/cfb-buf-flint-2026-09-12
polymarket,4045614,cfb-buf-flint-2026-09-12,Buffalo vs. Florida International,fiu,buffalo,0.785,20.0,2026-09-12,2026-09-12T22:00:00+00:00,https://polymarket.com/event/cfb-buf-flint-2026-09-12
polymarket,4045615,cfb-furman-merc-2026-09-12,Furman vs. Mercer,furman,mercer,0.15,,2026-09-12,2026-09-12T22:00:00+00:00,https://polymarket.com/event/cfb-furman-merc-2026-09-12
polymarket,4045615,cfb-furman-merc-2026-09-12,Furman vs. Mercer,mercer,furman,0.85,,2026-09-12,2026-09-12T22:00:00+00:00,https://polymarket.com/event/cfb-furman-merc-2026-09-12
polymarket,4045616,cfb-mphs-boise-2026-09-12,Memphis vs. Boise State,memphis,boise state,0.245,3876.459993999999,2026-09-12,2026-09-12T22:00:00+00:00,https://polymarket.com/event/cfb-mphs-boise-2026-09-12
polymarket,4045616,cfb-mphs-boise-2026-09-12,Memphis vs. Boise State,boise state,memphis,0.755,3876.459993999999,2026-09-12,2026-09-12T22:00:00+00:00,https://polymarket.com/event/cfb-mphs-boise-2026-09-12
polymarket,4045617,cfb-gardwb-librty-2026-09-12,Gardner-Webb vs. Liberty,gardner webb,liberty,0.045,,2026-09-12,2026-09-12T22:00:00+00:00,https://polymarket.com/event/cfb-gardwb-librty-2026-09-12
polymarket,4045617,cfb-gardwb-librty-2026-09-12,Gardner-Webb vs. Liberty,liberty,gardner webb,0.955,,2026-09-12,2026-09-12T22:00:00+00:00,https://polymarket.com/event/cfb-gardwb-librty-2026-09-12
polymarket,4045618,cfb-chat-ekent-2026-09-12,Chattanooga vs. Eastern Kentucky,chattanooga,eastern kentucky,0.635,,2026-09-12,2026-09-12T22:00:00+00:00,https://polymarket.com/event/cfb-chat-ekent-2026-09-12
polymarket,4045618,cfb-chat-ekent-2026-09-12,Chattanooga vs. Eastern Kentucky,eastern kentucky,chattanooga,0.365,,2026-09-12,2026-09-12T22:00:00+00:00,https://polymarket.com/event/cfb-chat-ekent-2026-09-12
polymarket,4045619,cfb-ncat-ncc-2026-09-12,North Carolina A&T vs. North Carolina Central,north carolina a and t,north carolina central,0.075,305.0,2026-09-12,2026-09-12T22:00:00+00:00,https://polymarket.com/event/cfb-ncat-ncc-2026-09-12
polymarket,4045619,cfb-ncat-ncc-2026-09-12,North Carolina A&T vs. North Carolina Central,north carolina central,north carolina a and t,0.925,305.0,2026-09-12,2026-09-12T22:00:00+00:00,https://polymarket.com/event/cfb-ncat-ncc-2026-09-12
polymarket,4045620,cfb-vsu206eca-scarst-2026-09-12,Virginia State vs. South Carolina State,virginia state,south carolina state,0.3,2.0404,2026-09-12,2026-09-12T22:00:00+00:00,https://polymarket.com/event/cfb-vsu206eca-scarst-2026-09-12
polymarket,4045620,cfb-vsu206eca-scarst-2026-09-12,Virginia State vs. South Carolina State,south carolina state,virginia state,0.7,2.0404,2026-09-12,2026-09-12T22:00:00+00:00,https://polymarket.com/event/cfb-vsu206eca-scarst-2026-09-12
polymarket,4045621,cfb-stnh-nhamp-2026-09-12,Stonehill vs. New Hampshire,stonehill,new hampshire,0.18,,2026-09-12,2026-09-12T22:00:00+00:00,https://polymarket.com/event/cfb-stnh-nhamp-2026-09-12
polymarket,4045621,cfb-stnh-nhamp-2026-09-12,Stonehill vs. New Hampshire,new hampshire,stonehill,0.82,,2026-09-12,2026-09-12T22:00:00+00:00,https://polymarket.com/event/cfb-stnh-nhamp-2026-09-12
polymarket,4045622,cfb-bryant-hamp-2026-09-12,Bryant vs. Hampton,bryant,hampton,0.59,,2026-09-12,2026-09-12T22:00:00+00:00,https://polymarket.com/event/cfb-bryant-hamp-2026-09-12
polymarket,4045622,cfb-bryant-hamp-2026-09-12,Bryant vs. Hampton,hampton,bryant,0.41,,2026-09-12,2026-09-12T22:00:00+00:00,https://polymarket.com/event/cfb-bryant-hamp-2026-09-12
polymarket,4045626,cfb-chsou-cita-2026-09-12,Charleston Southern vs. The Citadel,charleston southern,the citadel,0.48,75.76307700000001,2026-09-12,2026-09-12T22:00:00+00:00,https://polymarket.com/event/cfb-chsou-cita-2026-09-12
polymarket,4045626,cfb-chsou-cita-2026-09-12,Charleston Southern vs. The Citadel,the citadel,charleston southern,0.52,75.76307700000001,2026-09-12,2026-09-12T22:00:00+00:00,https://polymarket.com/event/cfb-chsou-cita-2026-09-12
polymarket,4045631,cfb-frnk-but-2026-09-12,Franklin vs. Butler,franklin,butler,0.4,,2026-09-12,2026-09-12T22:00:00+00:00,https://polymarket.com/event/cfb-frnk-but-2026-09-12
polymarket,4045631,cfb-frnk-but-2026-09-12,Franklin vs. Butler,butler,franklin,0.6,,2026-09-12,2026-09-12T22:00:00+00:00,https://polymarket.com/event/cfb-frnk-but-2026-09-12
polymarket,4045636,cfb-usd-idhst-2026-09-12,San Diego vs. Idaho State,san diego,idaho state,0.0435,1397.65,2026-09-12,2026-09-12T22:00:00+00:00,https://polymarket.com/event/cfb-usd-idhst-2026-09-12
polymarket,4045636,cfb-usd-idhst-2026-09-12,San Diego vs. Idaho State,idaho state,san diego,0.9565,1397.65,2026-09-12,2026-09-12T22:00:00+00:00,https://polymarket.com/event/cfb-usd-idhst-2026-09-12
polymarket,4045641,cfb-monm-wmich-2026-09-12,Monmouth vs. Western Michigan,monmouth,western michigan,0.04,,2026-09-12,2026-09-12T22:30:00+00:00,https://polymarket.com/event/cfb-monm-wmich-2026-09-12
polymarket,4045641,cfb-monm-wmich-2026-09-12,Monmouth vs. Western Michigan,western michigan,monmouth,0.96,,2026-09-12,2026-09-12T22:30:00+00:00,https://polymarket.com/event/cfb-monm-wmich-2026-09-12
polymarket,4045647,cfb-semst-sill-2026-09-12,Southeast Missouri State vs. Southern Illinois,southeast missouri state,southern illinois,0.285,,2026-09-12,2026-09-12T23:00:00+00:00,https://polymarket.com/event/cfb-semst-sill-2026-09-12
polymarket,4045647,cfb-semst-sill-2026-09-12,Southeast Missouri State vs. Southern Illinois,southern illinois,southeast missouri state,0.715,,2026-09-12,2026-09-12T23:00:00+00:00,https://polymarket.com/event/cfb-semst-sill-2026-09-12
polymarket,4045652,cfb-sutah-colst-2026-09-12,Southern Utah vs. Colorado State,southern utah,colorado state,0.075,,2026-09-12,2026-09-12T23:00:00+00:00,https://polymarket.com/event/cfb-sutah-colst-2026-09-12
polymarket,4045652,cfb-sutah-colst-2026-09-12,Southern Utah vs. Colorado State,colorado state,southern utah,0.925,,2026-09-12,2026-09-12T23:00:00+00:00,https://polymarket.com/event/cfb-sutah-colst-2026-09-12
polymarket,4045658,cfb-nwst-txamc-2026-09-12,Northwestern State vs. East Texas A&M,northwestern state,east texas a and m,0.08,942.3085720000001,2026-09-12,2026-09-12T23:00:00+00:00,https://polymarket.com/event/cfb-nwst-txamc-2026-09-12
polymarket,4045658,cfb-nwst-txamc-2026-09-12,Northwestern State vs. East Texas A&M,east texas a and m,northwestern state,0.92,942.3085720000001,2026-09-12,2026-09-12T23:00:00+00:00,https://polymarket.com/event/cfb-nwst-txamc-2026-09-12
polymarket,4045662,cfb-tenn-gtech-2026-09-12,Tennessee vs. Georgia Tech,tennessee,georgia tech,0.815,799.3867070000001,2026-09-12,2026-09-12T23:00:00+00:00,https://polymarket.com/event/cfb-tenn-gtech-2026-09-12
polymarket,4045662,cfb-tenn-gtech-2026-09-12,Tennessee vs. Georgia Tech,georgia tech,tennessee,0.185,799.3867070000001,2026-09-12,2026-09-12T23:00:00+00:00,https://polymarket.com/event/cfb-tenn-gtech-2026-09-12
polymarket,4045668,cfb-tarl-mcnst-2026-09-12,Tarleton State vs. McNeese,tarleton state,mcneese,0.915,100.0,2026-09-12,2026-09-12T23:00:00+00:00,https://polymarket.com/event/cfb-tarl-mcnst-2026-09-12
polymarket,4045668,cfb-tarl-mcnst-2026-09-12,Tarleton State vs. McNeese,mcneese,tarleton state,0.085,100.0,2026-09-12,2026-09-12T23:00:00+00:00,https://polymarket.com/event/cfb-tarl-mcnst-2026-09-12
polymarket,4045673,cfb-nhc-sdkst-2026-09-12,New Haven vs. South Dakota State,new haven,south dakota state,0.0265,31.25,2026-09-12,2026-09-12T23:00:00+00:00,https://polymarket.com/event/cfb-nhc-sdkst-2026-09-12
polymarket,4045673,cfb-nhc-sdkst-2026-09-12,New Haven vs. South Dakota State,south dakota state,new haven,0.9735,31.25,2026-09-12,2026-09-12T23:00:00+00:00,https://polymarket.com/event/cfb-nhc-sdkst-2026-09-12
polymarket,4045678,cfb-mtnst-marsh-2026-09-12,Middle Tennessee vs. Marshall,middle tennessee,marshall,0.175,1426.607414,2026-09-12,2026-09-12T23:00:00+00:00,https://polymarket.com/event/cfb-mtnst-marsh-2026-09-12
polymarket,4045678,cfb-mtnst-marsh-2026-09-12,Middle Tennessee vs. Marshall,marshall,middle tennessee,0.825,1426.607414,2026-09-12,2026-09-12T23:00:00+00:00,https://polymarket.com/event/cfb-mtnst-marsh-2026-09-12
polymarket,4045681,cfb-arpb-alcst-2026-09-12,Arkansas-Pine Bluff vs. Alcorn State,arkansas pine bluff,alcorn state,0.23,50.0,2026-09-12,2026-09-12T23:00:00+00:00,https://polymarket.com/event/cfb-arpb-alcst-2026-09-12
polymarket,4045681,cfb-arpb-alcst-2026-09-12,Arkansas-Pine Bluff vs. Alcorn State,alcorn state,arkansas pine bluff,0.77,50.0,2026-09-12,2026-09-12T23:00:00+00:00,https://polymarket.com/event/cfb-arpb-alcst-2026-09-12
polymarket,4045682,cfb-gast-kenest-2026-09-12,Georgia State vs. Kennesaw State,georgia state,kennesaw state,0.255,,2026-09-12,2026-09-12T23:00:00+00:00,https://polymarket.com/event/cfb-gast-kenest-2026-09-12
polymarket,4045682,cfb-gast-kenest-2026-09-12,Georgia State vs. Kennesaw State,kennesaw state,georgia state,0.745,,2026-09-12,2026-09-12T23:00:00+00:00,https://polymarket.com/event/cfb-gast-kenest-2026-09-12
polymarket,4045683,cfb-illst-nill-2026-09-12,Illinois State vs. Northern Illinois,illinois state,northern illinois,0.605,31.26984,2026-09-12,2026-09-12T23:00:00+00:00,https://polymarket.com/event/cfb-illst-nill-2026-09-12
polymarket,4045683,cfb-illst-nill-2026-09-12,Illinois State vs. Northern Illinois,northern illinois,illinois state,0.395,31.26984,2026-09-12,2026-09-12T23:00:00+00:00,https://polymarket.com/event/cfb-illst-nill-2026-09-12
polymarket,4045684,cfb-tows-sc-2026-09-12,Towson vs. South Carolina,towson,south carolina,0.0115,177.119728,2026-09-12,2026-09-12T23:00:00+00:00,https://polymarket.com/event/cfb-tows-sc-2026-09-12
polymarket,4045684,cfb-tows-sc-2026-09-12,Towson vs. South Carolina,south carolina,towson,0.9885,177.119728,2026-09-12,2026-09-12T23:00:00+00:00,https://polymarket.com/event/cfb-tows-sc-2026-09-12
polymarket,4045685,cfb-indst-eill-2026-09-12,Indiana State vs. Eastern Illinois,indiana state,eastern illinois,0.495,,2026-09-12,2026-09-12T23:00:00+00:00,https://polymarket.com/event/cfb-indst-eill-2026-09-12
polymarket,4045685,cfb-indst-eill-2026-09-12,Indiana State vs. Eastern Illinois,eastern illinois,indiana state,0.505,,2026-09-12,2026-09-12T23:00:00+00:00,https://polymarket.com/event/cfb-indst-eill-2026-09-12
polymarket,4045686,cfb-bowlgr-nebr-2026-09-12,Bowling Green vs. Nebraska,bowling green,nebraska,0.028,1251.493269,2026-09-12,2026-09-12T23:00:00+00:00,https://polymarket.com/event/cfb-bowlgr-nebr-2026-09-12
polymarket,4045686,cfb-bowlgr-nebr-2026-09-12,Bowling Green vs. Nebraska,nebraska,bowling green,0.972,1251.493269,2026-09-12,2026-09-12T23:00:00+00:00,https://polymarket.com/event/cfb-bowlgr-nebr-2026-09-12
polymarket,4045687,cfb-tenst-alaam-2026-09-12,Tennessee State vs. Alabama A&M,tennessee state,alabama a and m,0.485,,2026-09-12,2026-09-12T23:00:00+00:00,https://polymarket.com/event/cfb-tenst-alaam-2026-09-12
polymarket,4045687,cfb-tenst-alaam-2026-09-12,Tennessee State vs. Alabama A&M,alabama a and m,tennessee state,0.515,,2026-09-12,2026-09-12T23:00:00+00:00,https://polymarket.com/event/cfb-tenst-alaam-2026-09-12
polymarket,4045688,cfb-uwg-arkst-2026-09-12,West Georgia vs. Arkansas State,west georgia,arkansas state,0.0255,1880.818164,2026-09-12,2026-09-12T23:00:00+00:00,https://polymarket.com/event/cfb-uwg-arkst-2026-09-12
polymarket,4045688,cfb-uwg-arkst-2026-09-12,West Georgia vs. Arkansas State,arkansas state,west georgia,0.9745,1880.818164,2026-09-12,2026-09-12T23:00:00+00:00,https://polymarket.com/event/cfb-uwg-arkst-2026-09-12
polymarket,4045689,cfb-abc-houbap-2026-09-12,Arkansas Baptist vs. Houston Christian,arkansas baptist,houston christian,0.59,,2026-09-12,2026-09-12T23:00:00+00:00,https://polymarket.com/event/cfb-abc-houbap-2026-09-12
polymarket,4045689,cfb-abc-houbap-2026-09-12,Arkansas Baptist vs. Houston Christian,houston christian,arkansas baptist,0.41,,2026-09-12,2026-09-12T23:00:00+00:00,https://polymarket.com/event/cfb-abc-houbap-2026-09-12
polymarket,4045690,cfb-tulsa-smho-2026-09-12,Tulsa vs. Sam Houston,tulsa,sam houston,0.82,5.0,2026-09-12,2026-09-12T23:00:00+00:00,https://polymarket.com/event/cfb-tulsa-smho-2026-09-12
polymarket,4045690,cfb-tulsa-smho-2026-09-12,Tulsa vs. Sam Houston,sam houston,tulsa,0.18,5.0,2026-09-12,2026-09-12T23:00:00+00:00,https://polymarket.com/event/cfb-tulsa-smho-2026-09-12
polymarket,4045691,cfb-wcar-cin-2026-09-12,Western Carolina vs. Cincinnati,western carolina,cincinnati,0.019,116.813794,2026-09-12,2026-09-12T23:00:00+00:00,https://polymarket.com/event/cfb-wcar-cin-2026-09-12
polymarket,4045691,cfb-wcar-cin-2026-09-12,Western Carolina vs. Cincinnati,cincinnati,western carolina,0.981,116.813794,2026-09-12,2026-09-12T23:00:00+00:00,https://polymarket.com/event/cfb-wcar-cin-2026-09-12
polymarket,4045692,cfb-jac-msrst-2026-09-12,Lindenwood vs. Missouri State,lindenwood,missouri state,0.09,150.26999999999998,2026-09-12,2026-09-12T23:00:00+00:00,https://polymarket.com/event/cfb-jac-msrst-2026-09-12
polymarket,4045692,cfb-jac-msrst-2026-09-12,Lindenwood vs. Missouri State,missouri state,lindenwood,0.91,150.26999999999998,2026-09-12,2026-09-12T23:00:00+00:00,https://polymarket.com/event/cfb-jac-msrst-2026-09-12
polymarket,4045693,cfb-sala-tulane-2026-09-12,South Alabama vs. Tulane,south alabama,tulane,0.235,470.8587,2026-09-12,2026-09-12T23:00:00+00:00,https://polymarket.com/event/cfb-sala-tulane-2026-09-12
polymarket,4045693,cfb-sala-tulane-2026-09-12,South Alabama vs. Tulane,tulane,south alabama,0.765,470.8587,2026-09-12,2026-09-12T23:00:00+00:00,https://polymarket.com/event/cfb-sala-tulane-2026-09-12
polymarket,4045694,cfb-utrgv-nichls-2026-09-12,UT Rio Grande Valley vs. Nicholls State,ut rio grande valley,nicholls state,0.685,,2026-09-12,2026-09-12T23:00:00+00:00,https://polymarket.com/event/cfb-utrgv-nichls-2026-09-12
polymarket,4045694,cfb-utrgv-nichls-2026-09-12,UT Rio Grande Valley vs. Nicholls State,nicholls state,ut rio grande valley,0.315,,2026-09-12,2026-09-12T23:00:00+00:00,https://polymarket.com/event/cfb-utrgv-nichls-2026-09-12
polymarket,4045695,cfb-nal-selou-2026-09-12,North Alabama vs. Southeastern Louisiana,north alabama,southeastern louisiana,0.34,3.02,2026-09-12,2026-09-12T23:00:00+00:00,https://polymarket.com/event/cfb-nal-selou-2026-09-12
polymarket,4045695,cfb-nal-selou-2026-09-12,North Alabama vs. Southeastern Louisiana,southeastern louisiana,north alabama,0.66,3.02,2026-09-12,2026-09-12T23:00:00+00:00,https://polymarket.com/event/cfb-nal-selou-2026-09-12
polymarket,4045696,cfb-ucok-cark-2026-09-12,Central Oklahoma vs. Central Arkansas,central oklahoma,central arkansas,0.525,,2026-09-12,2026-09-12T23:00:00+00:00,https://polymarket.com/event/cfb-ucok-cark-2026-09-12
polymarket,4045696,cfb-ucok-cark-2026-09-12,Central Oklahoma vs. Central Arkansas,central arkansas,central oklahoma,0.475,,2026-09-12,2026-09-12T23:00:00+00:00,https://polymarket.com/event/cfb-ucok-cark-2026-09-12
polymarket,4045697,cfb-samf-tentch-2026-09-12,Samford vs. Tennessee Tech,samford,tennessee tech,0.055,236.46,2026-09-12,2026-09-12T23:00:00+00:00,https://polymarket.com/event/cfb-samf-tentch-2026-09-12
polymarket,4045697,cfb-samf-tentch-2026-09-12,Samford vs. Tennessee Tech,tennessee tech,samford,0.945,236.46,2026-09-12,2026-09-12T23:00:00+00:00,https://polymarket.com/event/cfb-samf-tentch-2026-09-12
polymarket,4045698,cfb-valp-murst-2026-09-12,Valparaiso vs. Murray State,valparaiso,murray state,0.175,20.0,2026-09-12,2026-09-12T23:00:00+00:00,https://polymarket.com/event/cfb-valp-murst-2026-09-12
polymarket,4045698,cfb-valp-murst-2026-09-12,Valparaiso vs. Murray State,murray state,valparaiso,0.825,20.0,2026-09-12,2026-09-12T23:00:00+00:00,https://polymarket.com/event/cfb-valp-murst-2026-09-12
polymarket,4045699,cfb-south-hou-2026-09-12,Southern University vs. Houston,southern university,houston,0.0085,1931.543334,2026-09-12,2026-09-12T23:00:00+00:00,https://polymarket.com/event/cfb-south-hou-2026-09-12
polymarket,4045699,cfb-south-hou-2026-09-12,Southern University vs. Houston,houston,southern university,0.9915,1931.543334,2026-09-12,2026-09-12T23:00:00+00:00,https://polymarket.com/event/cfb-south-hou-2026-09-12
polymarket,4045700,cfb-will-wisc-2026-09-12,Western Illinois vs. Wisconsin,western illinois,wisconsin,0.016,471.132578,2026-09-12,2026-09-12T23:15:00+00:00,https://polymarket.com/event/cfb-will-wisc-2026-09-12
polymarket,4045700,cfb-will-wisc-2026-09-12,Western Illinois vs. Wisconsin,wisconsin,western illinois,0.984,471.132578,2026-09-12,2026-09-12T23:15:00+00:00,https://polymarket.com/event/cfb-will-wisc-2026-09-12
polymarket,4045701,cfb-sdst-ucla-2026-09-12,San Diego State vs. UCLA,san diego state,ucla,0.195,114.703704,2026-09-12,2026-09-12T23:15:00+00:00,https://polymarket.com/event/cfb-sdst-ucla-2026-09-12
polymarket,4045701,cfb-sdst-ucla-2026-09-12,San Diego State vs. UCLA,ucla,san diego state,0.805,114.703704,2026-09-12,2026-09-12T23:15:00+00:00,https://polymarket.com/event/cfb-sdst-ucla-2026-09-12
polymarket,4045702,cfb-navy-flatl-2026-09-12,Navy vs. Florida Atlantic,navy,florida atlantic,0.655,700.8045,2026-09-12,2026-09-12T23:30:00+00:00,https://polymarket.com/event/cfb-navy-flatl-2026-09-12
polymarket,4045702,cfb-navy-flatl-2026-09-12,Navy vs. Florida Atlantic,florida atlantic,navy,0.345,700.8045,2026-09-12,2026-09-12T23:30:00+00:00,https://polymarket.com/event/cfb-navy-flatl-2026-09-12
polymarket,4045703,cfb-iowast-iowa-2026-09-12,Iowa State vs. Iowa,iowa state,iowa,0.155,4927.027493,2026-09-12,2026-09-12T23:30:00+00:00,https://polymarket.com/event/cfb-iowast-iowa-2026-09-12
polymarket,4045703,cfb-iowast-iowa-2026-09-12,Iowa State vs. Iowa,iowa,iowa state,0.845,4927.027493,2026-09-12,2026-09-12T23:30:00+00:00,https://polymarket.com/event/cfb-iowast-iowa-2026-09-12
polymarket,4045706,cfb-gas-clmsn-2026-09-12,Georgia Southern vs. Clemson,georgia southern,clemson,0.095,2376.2705290000004,2026-09-12,2026-09-12T23:30:00+00:00,https://polymarket.com/event/cfb-gas-clmsn-2026-09-12
polymarket,4045706,cfb-gas-clmsn-2026-09-12,Georgia Southern vs. Clemson,clemson,georgia southern,0.905,2376.2705290000004,2026-09-12,2026-09-12T23:30:00+00:00,https://polymarket.com/event/cfb-gas-clmsn-2026-09-12
polymarket,4045707,cfb-txtech-oregst-2026-09-12,Texas Tech vs. Oregon State,texas tech,oregon state,0.945,112.333332,2026-09-12,2026-09-12T23:30:00+00:00,https://polymarket.com/event/cfb-txtech-oregst-2026-09-12
polymarket,4045707,cfb-txtech-oregst-2026-09-12,Texas Tech vs. Oregon State,oregon state,texas tech,0.055,112.333332,2026-09-12,2026-09-12T23:30:00+00:00,https://polymarket.com/event/cfb-txtech-oregst-2026-09-12
polymarket,4045708,cfb-fordm-coast-2026-09-12,Fordham vs. Coastal Carolina,fordham,coastal carolina,0.022,569.630358,2026-09-12,2026-09-12T23:30:00+00:00,https://polymarket.com/event/cfb-fordm-coast-2026-09-12
polymarket,4045708,cfb-fordm-coast-2026-09-12,Fordham vs. Coastal Carolina,coastal carolina,fordham,0.978,569.630358,2026-09-12,2026-09-12T23:30:00+00:00,https://polymarket.com/event/cfb-fordm-coast-2026-09-12
polymarket,4045709,cfb-ohiost-tx-2026-09-12,Ohio State vs. Texas,ohio state,texas,0.465,8303.164928999999,2026-09-12,2026-09-12T23:30:00+00:00,https://polymarket.com/event/cfb-ohiost-tx-2026-09-12
polymarket,4045709,cfb-ohiost-tx-2026-09-12,Ohio State vs. Texas,texas,ohio state,0.535,8303.164928999999,2026-09-12,2026-09-12T23:30:00+00:00,https://polymarket.com/event/cfb-ohiost-tx-2026-09-12
polymarket,4045712,cfb-soumis-aubrn-2026-09-12,Southern Miss vs. Auburn,southern miss,auburn,0.023,705.3452,2026-09-12,2026-09-12T23:45:00+00:00,https://polymarket.com/event/cfb-soumis-aubrn-2026-09-12
polymarket,4045712,cfb-soumis-aubrn-2026-09-12,Southern Miss vs. Auburn,auburn,southern miss,0.977,705.3452,2026-09-12,2026-09-12T23:45:00+00:00,https://polymarket.com/event/cfb-soumis-aubrn-2026-09-12
polymarket,4045713,cfb-charlt-miss-2026-09-12,Charlotte vs. Ole Miss,charlotte,mississippi,0.0035,1453.4319999999998,2026-09-12,2026-09-12T23:45:00+00:00,https://polymarket.com/event/cfb-charlt-miss-2026-09-12
polymarket,4045713,cfb-charlt-miss-2026-09-12,Charlotte vs. Ole Miss,mississippi,charlotte,0.9965,1453.4319999999998,2026-09-12,2026-09-12T23:45:00+00:00,https://polymarket.com/event/cfb-charlt-miss-2026-09-12
polymarket,4045714,cfb-pvam-bayl-2026-09-12,Prairie View A&M vs. Baylor,prairie view a and m,baylor,0.0125,284.818663,2026-09-12,2026-09-13T00:00:00+00:00,https://polymarket.com/event/cfb-pvam-bayl-2026-09-12
polymarket,4045714,cfb-pvam-bayl-2026-09-12,Prairie View A&M vs. Baylor,baylor,prairie view a and m,0.9875,284.818663,2026-09-12,2026-09-13T00:00:00+00:00,https://polymarket.com/event/cfb-pvam-bayl-2026-09-12
polymarket,4045715,cfb-sfaus-abchr-2026-09-12,Stephen F. Austin vs. Abilene Christian,stephen f austin,abilene christian,0.635,9.0,2026-09-12,2026-09-13T00:00:00+00:00,https://polymarket.com/event/cfb-sfaus-abchr-2026-09-12
polymarket,4045715,cfb-sfaus-abchr-2026-09-12,Stephen F. Austin vs. Abilene Christian,abilene christian,stephen f austin,0.365,9.0,2026-09-12,2026-09-13T00:00:00+00:00,https://polymarket.com/event/cfb-sfaus-abchr-2026-09-12
polymarket,4045716,cfb-grmbst-tcu-2026-09-12,Grambling State vs. TCU,grambling state,tcu,0.0045,62778.953654,2026-09-12,2026-09-13T00:00:00+00:00,https://polymarket.com/event/cfb-grmbst-tcu-2026-09-12
polymarket,4045716,cfb-grmbst-tcu-2026-09-12,Grambling State vs. TCU,tcu,grambling state,0.9955,62778.953654,2026-09-12,2026-09-13T00:00:00+00:00,https://polymarket.com/event/cfb-grmbst-tcu-2026-09-12
polymarket,4045717,cfb-calpol-sjst-2026-09-12,Cal Poly vs. San Jose State,cal poly,san jose state,0.08,20.454544,2026-09-12,2026-09-13T01:00:00+00:00,https://polymarket.com/event/cfb-calpol-sjst-2026-09-12
polymarket,4045717,cfb-calpol-sjst-2026-09-12,Cal Poly vs. San Jose State,san jose state,cal poly,0.92,20.454544,2026-09-12,2026-09-13T01:00:00+00:00,https://polymarket.com/event/cfb-calpol-sjst-2026-09-12
polymarket,4045718,cfb-txs-utep-2026-09-12,Texas Southern vs. UTEP,texas southern,utep,0.03,,2026-09-12,2026-09-13T01:00:00+00:00,https://polymarket.com/event/cfb-txs-utep-2026-09-12
polymarket,4045718,cfb-txs-utep-2026-09-12,Texas Southern vs. UTEP,utep,texas southern,0.97,,2026-09-12,2026-09-13T01:00:00+00:00,https://polymarket.com/event/cfb-txs-utep-2026-09-12
polymarket,4045719,cfb-ndkst-airf-2026-09-12,North Dakota State vs. Air Force,north dakota state,air force,0.545,141.852783,2026-09-12,2026-09-13T02:00:00+00:00,https://polymarket.com/event/cfb-ndkst-airf-2026-09-12
polymarket,4045719,cfb-ndkst-airf-2026-09-12,North Dakota State vs. Air Force,air force,north dakota state,0.455,141.852783,2026-09-12,2026-09-13T02:00:00+00:00,https://polymarket.com/event/cfb-ndkst-airf-2026-09-12
polymarket,4045720,cfb-ndak-portst-2026-09-12,North Dakota vs. Portland State,north dakota,portland state,0.9515,312.23,2026-09-12,2026-09-13T02:00:00+00:00,https://polymarket.com/event/cfb-ndak-portst-2026-09-12
polymarket,4045720,cfb-ndak-portst-2026-09-12,North Dakota vs. Portland State,portland state,north dakota,0.0485,312.23,2026-09-12,2026-09-13T02:00:00+00:00,https://polymarket.com/event/cfb-ndak-portst-2026-09-12
polymarket,4045721,cfb-ark-utah-2026-09-12,Arkansas vs. Utah,arkansas,utah,0.195,1456.935694,2026-09-12,2026-09-13T02:15:00+00:00,https://polymarket.com/event/cfb-ark-utah-2026-09-12
polymarket,4045721,cfb-ark-utah-2026-09-12,Arkansas vs. Utah,utah,arkansas,0.805,1456.935694,2026-09-12,2026-09-13T02:15:00+00:00,https://polymarket.com/event/cfb-ark-utah-2026-09-12
polymarket,4045724,cfb-monst-nevada-2026-09-12,Montana State vs. Nevada,montana state,nevada,0.605,562.65,2026-09-12,2026-09-13T02:30:00+00:00,https://polymarket.com/event/cfb-monst-nevada-2026-09-12
polymarket,4045724,cfb-monst-nevada-2026-09-12,Montana State vs. Nevada,nevada,montana state,0.395,562.65,2026-09-12,2026-09-13T02:30:00+00:00,https://polymarket.com/event/cfb-monst-nevada-2026-09-12
polymarket,4045725,cfb-loulaf-usc-2026-09-12,Louisiana vs. USC,louisiana,usc,0.023,79.067038,2026-09-12,2026-09-13T03:00:00+00:00,https://polymarket.com/event/cfb-loulaf-usc-2026-09-12
polymarket,4045725,cfb-loulaf-usc-2026-09-12,Louisiana vs. USC,usc,louisiana,0.977,79.067038,2026-09-12,2026-09-13T03:00:00+00:00,https://polymarket.com/event/cfb-loulaf-usc-2026-09-12
polymarket,4045726,cfb-nmxst-hawaii-2026-09-13,New Mexico State vs. Hawai'i,new mexico state,hawai i,0.275,615.131643,2026-09-13,2026-09-13T04:00:00+00:00,https://polymarket.com/event/cfb-nmxst-hawaii-2026-09-13
polymarket,4045726,cfb-nmxst-hawaii-2026-09-13,New Mexico State vs. Hawai'i,hawai i,new mexico state,0.725,615.131643,2026-09-13,2026-09-13T04:00:00+00:00,https://polymarket.com/event/cfb-nmxst-hawaii-2026-09-13
polymarket,4350092,cfb-mspst-sc-2026-09-19,Mississippi State vs. South Carolina,mississippi state,south carolina,0.32,,2026-09-19,2026-09-19T20:15:00+00:00,https://polymarket.com/event/cfb-mspst-sc-2026-09-19
polymarket,4350092,cfb-mspst-sc-2026-09-19,Mississippi State vs. South Carolina,south carolina,mississippi state,0.68,,2026-09-19,2026-09-19T20:15:00+00:00,https://polymarket.com/event/cfb-mspst-sc-2026-09-19
polymarket,4350102,cfb-charlt-applst-2026-09-19,Charlotte vs. Appalachian State,charlotte,appalachian state,0.185,,2026-09-19,2026-09-19T22:00:00+00:00,https://polymarket.com/event/cfb-charlt-applst-2026-09-19
polymarket,4350102,cfb-charlt-applst-2026-09-19,Charlotte vs. Appalachian State,appalachian state,charlotte,0.815,,2026-09-19,2026-09-19T22:00:00+00:00,https://polymarket.com/event/cfb-charlt-applst-2026-09-19
polymarket,4350119,cfb-alcst-nal-2026-09-19,Alcorn State vs. North Alabama,alcorn state,north alabama,0.54,,2026-09-19,2026-09-19T23:00:00+00:00,https://polymarket.com/event/cfb-alcst-nal-2026-09-19
polymarket,4350119,cfb-alcst-nal-2026-09-19,Alcorn State vs. North Alabama,north alabama,alcorn state,0.46,,2026-09-19,2026-09-19T23:00:00+00:00,https://polymarket.com/event/cfb-alcst-nal-2026-09-19
polymarket,4350121,cfb-nichls-smho-2026-09-19,Nicholls State vs. Sam Houston,nicholls state,sam houston,0.23,,2026-09-19,2026-09-19T23:00:00+00:00,https://polymarket.com/event/cfb-nichls-smho-2026-09-19
polymarket,4350121,cfb-nichls-smho-2026-09-19,Nicholls State vs. Sam Houston,sam houston,nicholls state,0.77,,2026-09-19,2026-09-19T23:00:00+00:00,https://polymarket.com/event/cfb-nichls-smho-2026-09-19
polymarket,4350123,cfb-gas-jaxst-2026-09-19,Georgia Southern vs. Jacksonville State,georgia southern,jacksonville state,0.49,,2026-09-19,2026-09-19T23:00:00+00:00,https://polymarket.com/event/cfb-gas-jaxst-2026-09-19
polymarket,4350123,cfb-gas-jaxst-2026-09-19,Georgia Southern vs. Jacksonville State,jacksonville state,georgia southern,0.51,,2026-09-19,2026-09-19T23:00:00+00:00,https://polymarket.com/event/cfb-gas-jaxst-2026-09-19
polymarket,4350125,cfb-merri-tarl-2026-09-19,Merrimack vs. Tarleton State,merrimack,tarleton state,0.055,,2026-09-19,2026-09-19T23:00:00+00:00,https://polymarket.com/event/cfb-merri-tarl-2026-09-19
polymarket,4350125,cfb-merri-tarl-2026-09-19,Merrimack vs. Tarleton State,tarleton state,merrimack,0.945,,2026-09-19,2026-09-19T23:00:00+00:00,https://polymarket.com/event/cfb-merri-tarl-2026-09-19
polymarket,4350149,cfb-arkst-tcu-2026-09-19,Arkansas State vs. TCU,arkansas state,tcu,0.125,,2026-09-19,2026-09-20T00:00:00+00:00,https://polymarket.com/event/cfb-arkst-tcu-2026-09-19
polymarket,4350149,cfb-arkst-tcu-2026-09-19,Arkansas State vs. TCU,tcu,arkansas state,0.875,,2026-09-19,2026-09-20T00:00:00+00:00,https://polymarket.com/event/cfb-arkst-tcu-2026-09-19
